Origin of data [Measured/Computed]:; Measured
Machine/Treatment room:; ptRoom1PBS_RF4_241230
Snout name:; ptRoom1PBS_RF4
Range modulator name:; RF4
Radiation type:; Carbon
Curve type [Depth/X/Y/AbsoluteDosimetry]:; Depth
Medium:; Water
Single spot [Yes/No]:; Yes
Isocenter to snout distance [mm]:; 680
Isocenter to phantom surface distance [mm]:; 150
Detector lateral shape [Quadratic/Circular]:; Quadratic
Detector lateral side/diameter [mm]:; 80
Nominal beam energy [MeV]:; 1443.12
Measured dose curve (Depth [mm] Dose [a.u.]):; 
10.5;5.21190
12.5;5.43430
14.5;5.75070
16.5;6.16900
18.5;6.70180
19.0;6.86420
19.5;7.05080
20.0;7.25770
20.5;7.48790
21.0;7.73380
21.5;8.03010
22.0;8.38660
22.5;8.78830
23.0;9.27760
23.5;9.95090
23.7;10.27300
23.9;10.69100
24.1;11.19600
24.3;11.95200
24.5;12.41200
24.7;12.39600
24.9;12.17500
25.1;11.93800
25.3;11.78900
25.5;11.68900
25.7;11.55900
25.9;11.39700
26.1;11.19300
26.3;10.99400
26.5;10.74100
26.7;10.52000
26.9;10.22500
27.1;9.92710
27.3;9.57410
27.5;9.26650
27.7;8.93170
27.9;8.76570
28.1;8.49390
28.3;7.97900
28.5;7.37960
28.7;6.88650
28.9;6.42370
29.1;6.05810
29.3;5.58230
29.5;4.94230
29.7;4.18900
29.9;3.44230
30.1;3.05300
30.3;2.84150
30.5;2.13470
30.7;1.30380
30.9;0.74367
31.1;0.49457
31.3;0.41288
31.5;0.39475
31.7;0.38615
31.9;0.37973
32.1;0.37194
32.3;0.36590
32.5;0.36021
33.0;0.34513
33.5;0.33002
34.0;0.31675
34.5;0.30374
35.0;0.29263
35.5;0.28184
36.0;0.27071
36.5;0.26141
37.0;0.25205
37.5;0.24312
39.5;0.21398
41.5;0.19180
43.5;0.17484
45.5;0.16078
47.5;0.14854
49.5;0.13814
51.5;0.12840
52.5;0.12364
62.5;0.08517
72.5;0.05768
82.5;0.03847
92.5;0.02560
102.5;0.01704
112.5;0.01182
122.5;0.00856
132.5;0.00646
142.5;0.00506
152.5;0.00419
162.5;0.00335
172.5;0.00285
182.5;0.00223
192.5;0.00180
202.5;0.00187
210.5;0.00142
End:; 
Origin of data [Measured/Computed]:; Measured
Machine/Treatment room:; ptRoom1PBS_RF4_241230
Snout name:; ptRoom1PBS_RF4
Range modulator name:; RF4
Radiation type:; Carbon
Curve type [Depth/X/Y/AbsoluteDosimetry]:; Depth
Medium:; Water
Single spot [Yes/No]:; Yes
Isocenter to snout distance [mm]:; 680
Isocenter to phantom surface distance [mm]:; 150
Detector lateral shape [Quadratic/Circular]:; Quadratic
Detector lateral side/diameter [mm]:; 80
Nominal beam energy [MeV]:; 1486.92
Measured dose curve (Depth [mm] Dose [a.u.]):; 
10.5;5.15020
12.5;5.34090
14.5;5.60720
15.5;5.76110
16.0;5.84410
16.5;5.94100
17.0;6.03240
17.5;6.13220
18.0;6.24450
18.5;6.36730
19.0;6.48290
19.5;6.61350
20.0;6.76910
20.5;6.91920
21.0;7.08980
21.5;7.28270
22.0;7.50430
22.5;7.73190
23.0;8.00070
23.5;8.31840
24.0;8.69410
24.5;9.12630
25.0;9.62800
25.5;10.30700
25.7;10.65300
25.9;11.08900
26.1;11.70100
26.3;12.36700
26.5;12.80300
26.7;12.74000
26.9;12.51000
27.1;12.29500
27.3;12.16500
27.5;12.06100
27.7;11.91800
27.9;11.74400
28.1;11.53200
28.3;11.31900
28.5;11.06200
28.7;10.83000
28.9;10.50500
29.1;10.23800
29.3;9.85510
29.5;9.55740
29.7;9.19970
29.9;9.03590
30.1;8.72820
30.3;8.19970
30.5;7.53870
30.7;6.98890
30.9;6.54500
31.1;6.19030
31.3;5.61250
31.5;4.93550
31.7;4.15970
31.9;3.43240
32.1;3.11790
32.3;2.77440
32.5;2.03110
32.7;1.22870
32.9;0.69257
33.1;0.49846
33.3;0.44448
33.5;0.42853
33.7;0.42081
33.9;0.41283
34.1;0.40592
34.3;0.39923
34.5;0.39327
35.0;0.37790
35.5;0.36311
36.0;0.34913
36.5;0.33543
37.0;0.32335
37.5;0.31108
38.0;0.29948
38.5;0.28870
39.0;0.27858
39.5;0.26938
41.5;0.23700
43.5;0.21299
45.5;0.19428
47.5;0.17904
49.5;0.16603
51.5;0.15512
53.5;0.14451
54.5;0.13968
64.5;0.09846
74.5;0.06865
84.5;0.04752
94.5;0.03173
104.5;0.02131
114.5;0.01496
124.5;0.01102
134.5;0.00839
144.5;0.00675
154.5;0.00525
164.5;0.00434
174.5;0.00342
184.5;0.00331
194.5;0.00273
204.5;0.00218
214.5;0.00203
224.5;0.00141
234.5;0.00158
244.5;0.00128
254.5;0.00124
264.5;0.00094
274.5;0.00105
280.5;0.00067
End:; 
Origin of data [Measured/Computed]:; Measured
Machine/Treatment room:; ptRoom1PBS_RF4_241230
Snout name:; ptRoom1PBS_RF4
Range modulator name:; RF4
Radiation type:; Carbon
Curve type [Depth/X/Y/AbsoluteDosimetry]:; Depth
Medium:; Water
Single spot [Yes/No]:; Yes
Isocenter to snout distance [mm]:; 680
Isocenter to phantom surface distance [mm]:; 150
Detector lateral shape [Quadratic/Circular]:; Quadratic
Detector lateral side/diameter [mm]:; 80
Nominal beam energy [MeV]:; 1530.12
Measured dose curve (Depth [mm] Dose [a.u.]):; 
10.5;5.15430
12.5;5.32990
14.5;5.55220
16.5;5.82650
17.5;5.98630
18.0;6.07940
18.5;6.16200
19.0;6.25500
19.5;6.36090
20.0;6.47270
20.5;6.58940
21.0;6.72100
21.5;6.85940
22.0;7.00450
22.5;7.16460
23.0;7.34220
23.5;7.54230
24.0;7.78210
24.5;8.02300
25.0;8.27620
25.5;8.58790
26.0;8.95470
26.5;9.35400
27.0;9.87400
27.5;10.54000
27.7;10.86200
27.9;11.25200
28.1;11.79900
28.3;12.57100
28.5;13.10600
28.7;13.19500
28.9;13.02100
29.1;12.73900
29.3;12.60000
29.5;12.46400
29.7;12.32700
29.9;12.15500
30.1;11.95600
30.3;11.74700
30.5;11.47600
30.7;11.19800
30.9;10.88600
31.1;10.59600
31.3;10.20200
31.5;9.87690
31.7;9.52080
31.9;9.31980
32.1;9.02980
32.3;8.51400
32.5;7.89960
32.7;7.34730
32.9;6.81350
33.1;6.43920
33.3;5.94350
33.5;5.27060
33.7;4.49250
33.9;3.75560
34.1;3.29520
34.3;3.05250
34.5;2.38940
34.7;1.58130
34.9;0.90789
35.1;0.60278
35.3;0.49670
35.5;0.46860
35.7;0.45850
35.9;0.45021
36.1;0.44302
36.3;0.43643
36.5;0.42964
37.0;0.41214
37.5;0.39708
38.0;0.38215
38.5;0.36776
39.0;0.35365
39.5;0.34101
40.0;0.32885
40.5;0.31703
41.0;0.30667
41.5;0.29593
43.5;0.26175
45.5;0.23580
47.5;0.21476
49.5;0.19840
51.5;0.18416
53.5;0.17261
55.5;0.16140
56.5;0.15602
66.5;0.11197
76.5;0.07992
86.5;0.05556
96.5;0.03849
106.5;0.02613
116.5;0.01822
126.5;0.01309
136.5;0.00983
146.5;0.00737
156.5;0.00598
166.5;0.00500
176.5;0.00433
186.5;0.00364
196.5;0.00314
206.5;0.00291
210.5;0.00254
End:; 
Origin of data [Measured/Computed]:; Measured
Machine/Treatment room:; ptRoom1PBS_RF4_241230
Snout name:; ptRoom1PBS_RF4
Range modulator name:; RF4
Radiation type:; Carbon
Curve type [Depth/X/Y/AbsoluteDosimetry]:; Depth
Medium:; Water
Single spot [Yes/No]:; Yes
Isocenter to snout distance [mm]:; 680
Isocenter to phantom surface distance [mm]:; 150
Detector lateral shape [Quadratic/Circular]:; Quadratic
Detector lateral side/diameter [mm]:; 80
Nominal beam energy [MeV]:; 1572.6
Measured dose curve (Depth [mm] Dose [a.u.]):; 
10.5;5.06680
12.5;5.20940
14.5;5.40790
16.5;5.64660
18.5;5.92620
19.5;6.07570
20.0;6.16810
20.5;6.25260
21.0;6.34940
21.5;6.45550
22.0;6.58320
22.5;6.68710
23.0;6.81950
23.5;6.96550
24.0;7.11720
24.5;7.28810
25.0;7.47050
25.5;7.66010
26.0;7.86770
26.5;8.09330
27.0;8.36440
27.5;8.66730
28.0;9.03690
28.5;9.45180
29.0;9.94310
29.5;10.60200
29.7;10.94800
29.9;11.32100
30.1;11.80700
30.3;12.45400
30.5;13.15600
30.7;13.41500
30.9;13.29400
31.1;13.03300
31.3;12.86900
31.5;12.71800
31.7;12.58900
31.9;12.39800
32.1;12.19000
32.3;11.96300
32.5;11.73500
32.7;11.45600
32.9;11.13100
33.1;10.81400
33.3;10.46000
33.5;10.10400
33.7;9.76100
33.9;9.52010
34.1;9.29260
34.3;8.89030
34.5;8.27130
34.7;7.69060
34.9;7.12660
35.1;6.74720
35.3;6.33010
35.5;5.73170
35.7;5.01970
35.9;4.19510
36.1;3.55550
36.3;3.27940
36.5;2.86250
36.7;2.07360
36.9;1.29080
37.1;0.76831
37.3;0.56884
37.5;0.51285
37.7;0.49456
37.9;0.48538
38.1;0.47657
38.3;0.46935
38.5;0.46300
39.0;0.44554
39.5;0.42786
40.0;0.41188
40.5;0.39759
41.0;0.38295
41.5;0.37045
42.0;0.35732
42.5;0.34595
43.0;0.33457
43.5;0.32557
45.5;0.28774
47.5;0.25778
49.5;0.23428
51.5;0.21631
53.5;0.20127
55.5;0.18860
57.5;0.17731
58.5;0.17169
68.5;0.12539
78.5;0.09094
88.5;0.06500
98.5;0.04577
108.5;0.03192
118.5;0.02258
128.5;0.01638
138.5;0.01269
148.5;0.00960
158.5;0.00727
168.5;0.00628
178.5;0.00527
188.5;0.00457
198.5;0.00410
208.5;0.00402
210.5;0.00286
End:; 
Origin of data [Measured/Computed]:; Measured
Machine/Treatment room:; ptRoom1PBS_RF4_241230
Snout name:; ptRoom1PBS_RF4
Range modulator name:; RF4
Radiation type:; Carbon
Curve type [Depth/X/Y/AbsoluteDosimetry]:; Depth
Medium:; Water
Single spot [Yes/No]:; Yes
Isocenter to snout distance [mm]:; 680
Isocenter to phantom surface distance [mm]:; 150
Detector lateral shape [Quadratic/Circular]:; Quadratic
Detector lateral side/diameter [mm]:; 80
Nominal beam energy [MeV]:; 1614.6
Measured dose curve (Depth [mm] Dose [a.u.]):; 
10.5;5.04360
12.5;5.18670
14.5;5.35030
16.5;5.55410
18.5;5.79190
20.5;6.07740
21.5;6.24080
22.0;6.34470
22.5;6.44220
23.0;6.54520
23.5;6.64950
24.0;6.77010
24.5;6.88790
25.0;7.04350
25.5;7.16600
26.0;7.31420
26.5;7.49360
27.0;7.66040
27.5;7.86850
28.0;8.08070
28.5;8.30770
29.0;8.58950
29.5;8.89670
30.0;9.27910
30.5;9.71380
31.0;10.24000
31.5;10.91100
31.7;11.27500
31.9;11.69800
32.1;12.26300
32.3;12.99200
32.5;13.58000
32.7;13.76100
32.9;13.54900
33.1;13.29000
33.3;13.11200
33.5;12.98800
33.7;12.83200
33.9;12.65800
34.1;12.41800
34.3;12.19600
34.5;11.93000
34.7;11.67300
34.9;11.34900
35.1;10.99800
35.3;10.65600
35.5;10.31000
35.7;9.94280
35.9;9.69080
36.1;9.45330
36.3;8.98080
36.5;8.40040
36.7;7.79100
36.9;7.23930
37.1;6.82470
37.3;6.35360
37.5;5.71150
37.7;5.01200
37.9;4.17970
38.1;3.56090
38.3;3.28010
38.5;2.78870
38.7;1.96220
38.9;1.18960
39.1;0.75417
39.3;0.58326
39.5;0.53701
39.7;0.52309
39.9;0.51506
40.1;0.50738
40.3;0.49947
40.5;0.49232
41.0;0.47496
41.5;0.45720
42.0;0.44144
42.5;0.42595
43.0;0.41219
43.5;0.39776
44.0;0.38542
44.5;0.37168
45.0;0.36040
45.5;0.35015
47.5;0.30946
49.5;0.27774
51.5;0.25389
53.5;0.23423
55.5;0.21859
57.5;0.20535
59.5;0.19263
60.5;0.18700
70.5;0.13924
80.5;0.10274
90.5;0.07472
100.5;0.05437
110.5;0.03804
120.5;0.02675
130.5;0.01931
140.5;0.01465
150.5;0.01185
160.5;0.00827
170.5;0.00681
180.5;0.00560
190.5;0.00463
200.5;0.00366
210.5;0.00394
End:; 
Origin of data [Measured/Computed]:; Measured
Machine/Treatment room:; ptRoom1PBS_RF4_241230
Snout name:; ptRoom1PBS_RF4
Range modulator name:; RF4
Radiation type:; Carbon
Curve type [Depth/X/Y/AbsoluteDosimetry]:; Depth
Medium:; Water
Single spot [Yes/No]:; Yes
Isocenter to snout distance [mm]:; 680
Isocenter to phantom surface distance [mm]:; 150
Detector lateral shape [Quadratic/Circular]:; Quadratic
Detector lateral side/diameter [mm]:; 80
Nominal beam energy [MeV]:; 1656
Measured dose curve (Depth [mm] Dose [a.u.]):; 
10.5;5.02690
15.5;5.38420
17.5;5.58870
19.5;5.79800
21.5;6.06330
23.5;6.39480
24.0;6.47820
24.5;6.58490
25.0;6.69160
25.5;6.78410
26.0;6.91140
26.5;7.03360
27.0;7.15700
27.5;7.31520
28.0;7.45480
28.5;7.62640
29.0;7.80280
29.5;8.01640
30.0;8.23280
30.5;8.47810
31.0;8.74740
31.5;9.07670
32.0;9.44950
32.5;9.86540
33.0;10.35900
33.5;11.05400
33.7;11.39200
33.9;11.83900
34.1;12.29700
34.3;12.97700
34.5;13.61900
34.7;13.99800
34.9;13.93000
35.1;13.68600
35.3;13.49200
35.5;13.33300
35.7;13.18300
35.9;13.00700
36.1;12.82100
36.3;12.58700
36.5;12.35600
36.7;12.06700
36.9;11.78200
37.1;11.41100
37.3;11.04800
37.5;10.68500
37.7;10.33600
37.9;10.00900
38.1;9.78440
38.3;9.43560
38.5;8.86920
38.7;8.22930
38.9;7.62570
39.1;7.15810
39.3;6.73340
39.5;6.11440
39.7;5.40050
39.9;4.59440
40.1;3.90860
40.3;3.50340
40.5;3.08860
40.7;2.37070
40.9;1.51430
41.1;0.92135
41.3;0.66653
41.5;0.58477
41.7;0.56301
41.9;0.55247
42.1;0.54478
42.3;0.53610
42.5;0.52913
43.0;0.51064
43.5;0.49301
44.0;0.47698
44.5;0.46069
45.0;0.44600
45.5;0.43139
46.0;0.41773
46.5;0.40427
47.0;0.39206
47.5;0.38029
49.5;0.33723
51.5;0.30267
53.5;0.27603
55.5;0.25441
57.5;0.23736
59.5;0.22293
61.5;0.21056
62.5;0.20441
72.5;0.15444
82.5;0.11558
92.5;0.08558
102.5;0.06225
112.5;0.04458
122.5;0.03186
132.5;0.02278
142.5;0.01712
152.5;0.01266
162.5;0.00991
172.5;0.00830
182.5;0.00704
192.5;0.00636
202.5;0.00452
210.5;0.00416
End:; 
Origin of data [Measured/Computed]:; Measured
Machine/Treatment room:; ptRoom1PBS_RF4_241230
Snout name:; ptRoom1PBS_RF4
Range modulator name:; RF4
Radiation type:; Carbon
Curve type [Depth/X/Y/AbsoluteDosimetry]:; Depth
Medium:; Water
Single spot [Yes/No]:; Yes
Isocenter to snout distance [mm]:; 680
Isocenter to phantom surface distance [mm]:; 150
Detector lateral shape [Quadratic/Circular]:; Quadratic
Detector lateral side/diameter [mm]:; 80
Nominal beam energy [MeV]:; 1696.8
Measured dose curve (Depth [mm] Dose [a.u.]):; 
10.5;4.99120
15.5;5.32200
17.5;5.48370
19.5;5.67820
21.5;5.89910
23.5;6.17110
25.5;6.50470
25.8;6.55490
26.3;6.65370
26.8;6.74680
27.3;6.86400
27.8;6.98150
28.3;7.10750
28.8;7.22620
29.3;7.37100
29.8;7.52280
30.3;7.69510
30.8;7.87310
31.3;8.06010
31.8;8.28770
32.3;8.53650
32.8;8.78350
33.3;9.10180
33.8;9.45620
34.3;9.84570
34.8;10.29100
35.3;10.86500
35.8;11.64400
36.0;12.04600
36.2;12.51900
36.4;13.16300
36.6;13.84800
36.8;14.28100
37.0;14.28200
37.2;14.02800
37.4;13.82700
37.6;13.64200
37.8;13.50700
38.0;13.33700
38.2;13.13200
38.4;12.87800
38.6;12.62900
38.8;12.34600
39.0;12.04200
39.2;11.69300
39.4;11.31100
39.6;10.91300
39.8;10.54900
40.0;10.21500
40.2;10.01200
40.4;9.64650
40.6;9.07340
40.8;8.39090
41.0;7.76100
41.2;7.28880
41.4;6.88570
41.6;6.27670
41.8;5.53150
42.0;4.68990
42.2;3.97170
42.4;3.58860
42.6;3.17940
42.8;2.48430
43.0;1.58100
43.2;0.97627
43.4;0.72458
43.6;0.62691
43.8;0.60054
44.0;0.59079
44.2;0.58185
44.4;0.57425
44.6;0.56660
44.8;0.55937
45.3;0.54123
45.8;0.52295
46.3;0.50589
46.8;0.48951
47.3;0.47395
47.8;0.45890
48.3;0.44473
48.8;0.43177
49.3;0.41850
49.8;0.40628
51.8;0.36235
53.8;0.32678
55.8;0.29832
57.8;0.27517
59.8;0.25688
61.8;0.24076
63.8;0.22766
64.8;0.22163
74.8;0.16847
84.8;0.12812
94.8;0.09619
104.8;0.07165
114.8;0.05225
124.8;0.03835
134.8;0.02752
144.8;0.02018
154.8;0.01531
164.8;0.01178
174.8;0.00968
184.8;0.00769
194.8;0.00687
204.8;0.00616
210.5;0.00575
End:; 
Origin of data [Measured/Computed]:; Measured
Machine/Treatment room:; ptRoom1PBS_RF4_241230
Snout name:; ptRoom1PBS_RF4
Range modulator name:; RF4
Radiation type:; Carbon
Curve type [Depth/X/Y/AbsoluteDosimetry]:; Depth
Medium:; Water
Single spot [Yes/No]:; Yes
Isocenter to snout distance [mm]:; 680
Isocenter to phantom surface distance [mm]:; 150
Detector lateral shape [Quadratic/Circular]:; Quadratic
Detector lateral side/diameter [mm]:; 80
Nominal beam energy [MeV]:; 1737
Measured dose curve (Depth [mm] Dose [a.u.]):; 
10.5;4.99000
15.5;5.27880
17.7;5.44570
19.7;5.61800
21.7;5.81740
23.7;6.05030
25.7;6.32760
27.7;6.66860
28.2;6.76410
28.7;6.86430
29.2;6.95900
29.7;7.08020
30.2;7.20440
30.7;7.33640
31.2;7.47220
31.7;7.62760
32.2;7.79040
32.7;7.96790
33.2;8.16070
33.7;8.38110
34.2;8.62580
34.7;8.87790
35.2;9.16310
35.7;9.50170
36.2;9.88590
36.7;10.34300
37.2;10.87100
37.7;11.60400
37.9;11.97600
38.1;12.41200
38.3;13.00000
38.5;13.66700
38.7;14.26000
38.9;14.39800
39.1;14.25100
39.3;14.01900
39.5;13.83600
39.7;13.70400
39.9;13.53300
40.1;13.36600
40.3;13.14100
40.5;12.89200
40.7;12.64400
40.9;12.36200
41.1;11.99000
41.3;11.65000
41.5;11.24600
41.7;10.87000
41.9;10.54200
42.1;10.27400
42.3;10.00000
42.5;9.47490
42.7;8.79320
42.9;8.21430
43.1;7.70480
43.3;7.25320
43.5;6.68240
43.7;6.01580
43.9;5.21690
44.1;4.46210
44.3;3.88220
44.5;3.52960
44.7;2.92890
44.9;2.03780
45.1;1.32810
45.3;0.89489
45.5;0.70116
45.7;0.64067
45.9;0.62460
46.1;0.61488
46.3;0.60617
46.5;0.59915
46.7;0.59088
47.2;0.57154
47.7;0.55346
48.2;0.53598
48.7;0.51963
49.2;0.50356
49.7;0.48837
50.2;0.47322
50.7;0.45911
51.2;0.44543
51.7;0.43221
53.7;0.38697
55.7;0.34869
57.7;0.31793
59.7;0.29255
61.7;0.27331
63.7;0.25678
65.7;0.24349
66.7;0.23680
76.7;0.18246
86.7;0.14039
96.7;0.10722
106.7;0.08104
116.7;0.06025
126.7;0.04391
136.7;0.03183
146.7;0.02321
156.7;0.01745
166.7;0.01385
176.7;0.01123
186.7;0.00917
196.7;0.00761
206.7;0.00648
210.5;0.00602
End:; 
Origin of data [Measured/Computed]:; Measured
Machine/Treatment room:; ptRoom1PBS_RF4_241230
Snout name:; ptRoom1PBS_RF4
Range modulator name:; RF4
Radiation type:; Carbon
Curve type [Depth/X/Y/AbsoluteDosimetry]:; Depth
Medium:; Water
Single spot [Yes/No]:; Yes
Isocenter to snout distance [mm]:; 680
Isocenter to phantom surface distance [mm]:; 150
Detector lateral shape [Quadratic/Circular]:; Quadratic
Detector lateral side/diameter [mm]:; 80
Nominal beam energy [MeV]:; 1776.72
Measured dose curve (Depth [mm] Dose [a.u.]):; 
10.5;4.94780
15.5;5.20660
19.8;5.52590
21.8;5.69410
23.8;5.89510
25.8;6.13850
27.8;6.41840
29.8;6.76060
30.3;6.85620
30.8;6.94540
31.3;7.06640
31.8;7.18960
32.3;7.30670
32.8;7.44090
33.3;7.59980
33.8;7.74670
34.3;7.92740
34.8;8.09040
35.3;8.29480
35.8;8.50060
36.3;8.75770
36.8;9.01230
37.3;9.29410
37.8;9.64110
38.3;10.02900
38.8;10.47900
39.3;11.01600
39.8;11.77500
40.0;12.15900
40.2;12.56900
40.4;13.12700
40.6;13.83700
40.8;14.45600
41.0;14.62900
41.2;14.44600
41.4;14.20600
41.6;14.03600
41.8;13.86800
42.0;13.69700
42.2;13.49300
42.4;13.27300
42.6;13.02600
42.8;12.77800
43.0;12.43700
43.2;12.08800
43.4;11.71500
43.6;11.34500
43.8;10.92900
44.0;10.59500
44.2;10.33800
44.4;10.03700
44.6;9.53990
44.8;8.88580
45.0;8.28270
45.2;7.71120
45.4;7.24270
45.6;6.73640
45.8;6.11110
46.0;5.28580
46.2;4.48870
46.4;3.93080
46.6;3.57520
46.8;3.01050
47.0;2.21180
47.2;1.40260
47.4;0.92940
47.6;0.73442
47.8;0.67306
48.0;0.65558
48.2;0.64603
48.4;0.63738
48.6;0.62834
48.8;0.62005
49.3;0.60058
49.8;0.58208
50.3;0.56359
50.8;0.54714
51.3;0.53131
51.8;0.51551
52.3;0.50037
52.8;0.48763
53.3;0.47338
53.8;0.45962
55.8;0.41243
57.8;0.37215
59.8;0.33890
61.8;0.31253
63.8;0.29104
65.8;0.27343
67.8;0.25884
68.5;0.25480
78.5;0.19848
88.5;0.15431
98.5;0.11966
108.5;0.09191
118.5;0.06890
128.5;0.05134
138.5;0.03743
148.5;0.02788
158.5;0.02126
168.5;0.01656
178.5;0.01326
188.5;0.01112
198.5;0.00944
208.5;0.00750
210.5;0.00712
End:; 
Origin of data [Measured/Computed]:; Measured
Machine/Treatment room:; ptRoom1PBS_RF4_241230
Snout name:; ptRoom1PBS_RF4
Range modulator name:; RF4
Radiation type:; Carbon
Curve type [Depth/X/Y/AbsoluteDosimetry]:; Depth
Medium:; Water
Single spot [Yes/No]:; Yes
Isocenter to snout distance [mm]:; 680
Isocenter to phantom surface distance [mm]:; 150
Detector lateral shape [Quadratic/Circular]:; Quadratic
Detector lateral side/diameter [mm]:; 80
Nominal beam energy [MeV]:; 1815.84
Measured dose curve (Depth [mm] Dose [a.u.]):; 
10.5;4.95470
15.5;5.20620
20.5;5.53510
21.8;5.65650
23.8;5.81770
25.8;6.03540
27.8;6.29330
29.8;6.55680
31.8;6.91660
32.3;7.00610
32.8;7.12170
33.3;7.22790
33.8;7.34390
34.3;7.49260
34.8;7.61610
35.3;7.77060
35.8;7.93410
36.3;8.09110
36.8;8.27400
37.3;8.47610
37.8;8.69780
38.3;8.91630
38.8;9.20610
39.3;9.48310
39.8;9.83830
40.3;10.23800
40.8;10.71500
41.3;11.28500
41.8;12.06100
42.0;12.46200
42.2;12.93900
42.4;13.57800
42.6;14.28500
42.8;14.75800
43.0;14.83500
43.2;14.63400
43.4;14.44900
43.6;14.24100
43.8;14.07700
44.0;13.91000
44.2;13.72200
44.4;13.49100
44.6;13.23500
44.8;12.96100
45.0;12.66900
45.2;12.29600
45.4;11.90300
45.6;11.55700
45.8;11.17700
46.0;10.79500
46.2;10.56800
46.4;10.26100
46.6;9.77080
46.8;9.11380
47.0;8.47620
47.2;7.93400
47.4;7.46460
47.6;6.91520
47.8;6.20800
48.0;5.41080
48.2;4.60400
48.4;4.04110
48.6;3.63990
48.8;3.03420
49.0;2.14300
49.2;1.37510
49.4;0.93827
49.6;0.76026
49.8;0.70609
50.0;0.68773
50.2;0.67873
50.4;0.67034
50.6;0.66210
50.8;0.65424
51.3;0.63438
51.8;0.61560
52.3;0.59732
52.8;0.58005
53.3;0.56285
53.8;0.54730
54.3;0.53286
54.8;0.51825
55.3;0.50346
55.8;0.49054
57.8;0.43973
59.8;0.39638
61.8;0.36246
63.8;0.33489
65.8;0.31073
67.8;0.29254
69.8;0.27660
70.8;0.27007
80.8;0.21255
90.8;0.16710
100.8;0.13050
110.8;0.10124
120.8;0.07690
130.8;0.05775
140.8;0.04291
150.8;0.03205
160.8;0.02409
170.8;0.01869
180.8;0.01538
190.8;0.01221
200.8;0.01011
210.5;0.00818
End:; 
Origin of data [Measured/Computed]:; Measured
Machine/Treatment room:; ptRoom1PBS_RF4_241230
Snout name:; ptRoom1PBS_RF4
Range modulator name:; RF4
Radiation type:; Carbon
Curve type [Depth/X/Y/AbsoluteDosimetry]:; Depth
Medium:; Water
Single spot [Yes/No]:; Yes
Isocenter to snout distance [mm]:; 680
Isocenter to phantom surface distance [mm]:; 150
Detector lateral shape [Quadratic/Circular]:; Quadratic
Detector lateral side/diameter [mm]:; 80
Nominal beam energy [MeV]:; 1854.48
Measured dose curve (Depth [mm] Dose [a.u.]):; 
10.5;4.96670
15.5;5.18950
20.5;5.49690
23.9;5.75920
25.9;5.94720
27.9;6.16220
29.9;6.40880
31.9;6.70460
33.9;7.06490
34.4;7.15620
34.9;7.26030
35.4;7.37610
35.9;7.50540
36.4;7.62860
36.9;7.77030
37.4;7.91670
37.9;8.07060
38.4;8.24420
38.9;8.42410
39.4;8.63810
39.9;8.86940
40.4;9.09480
40.9;9.36640
41.4;9.69930
41.9;10.04400
42.4;10.44200
42.9;10.91500
43.4;11.52000
43.9;12.30700
44.1;12.69500
44.3;13.17400
44.5;13.77800
44.7;14.46800
44.9;14.99100
45.1;15.08000
45.3;14.92600
45.5;14.69200
45.7;14.49800
45.9;14.34800
46.1;14.18900
46.3;14.00000
46.5;13.75600
46.7;13.51600
46.9;13.23000
47.1;12.91900
47.3;12.57000
47.5;12.17900
47.7;11.77800
47.9;11.35200
48.1;11.01700
48.3;10.77300
48.5;10.43900
48.7;9.88520
48.9;9.21160
49.1;8.55360
49.3;7.99250
49.5;7.52680
49.7;6.93580
49.9;6.23610
50.1;5.42200
50.3;4.62260
50.5;4.08100
50.7;3.67470
50.9;3.01430
51.1;2.10310
51.3;1.36690
51.5;0.95640
51.7;0.79186
51.9;0.73997
52.1;0.72228
52.3;0.71220
52.5;0.70340
52.7;0.69592
52.9;0.68721
53.4;0.66728
53.9;0.64777
54.4;0.63074
54.9;0.61273
55.4;0.59669
55.9;0.57969
56.4;0.56444
56.9;0.54919
57.4;0.53422
57.9;0.51994
59.9;0.46774
61.9;0.42369
63.9;0.38694
65.9;0.35650
67.9;0.33243
69.9;0.31187
71.9;0.29495
72.9;0.28732
82.9;0.22751
92.9;0.18092
102.9;0.14276
112.9;0.11190
122.9;0.08653
132.9;0.06597
142.9;0.05019
152.9;0.03720
162.9;0.02809
172.9;0.02159
182.9;0.01732
192.9;0.01371
202.9;0.01133
210.5;0.00977
End:; 
Origin of data [Measured/Computed]:; Measured
Machine/Treatment room:; ptRoom1PBS_RF4_241230
Snout name:; ptRoom1PBS_RF4
Range modulator name:; RF4
Radiation type:; Carbon
Curve type [Depth/X/Y/AbsoluteDosimetry]:; Depth
Medium:; Water
Single spot [Yes/No]:; Yes
Isocenter to snout distance [mm]:; 680
Isocenter to phantom surface distance [mm]:; 150
Detector lateral shape [Quadratic/Circular]:; Quadratic
Detector lateral side/diameter [mm]:; 80
Nominal beam energy [MeV]:; 1892.64
Measured dose curve (Depth [mm] Dose [a.u.]):; 
10.5;4.95280
15.5;5.15790
20.5;5.44130
25.5;5.79930
26.0;5.84070
28.0;6.02730
30.0;6.24650
32.0;6.49490
34.0;6.78450
36.0;7.15690
36.5;7.24730
37.0;7.36250
37.5;7.47200
38.0;7.59150
38.5;7.72460
39.0;7.85950
39.5;8.01050
40.0;8.17660
40.5;8.34300
41.0;8.53660
41.5;8.73140
42.0;8.96670
42.5;9.21890
43.0;9.48360
43.5;9.78790
44.0;10.14900
44.5;10.53900
45.0;11.00600
45.5;11.57400
46.0;12.34500
46.2;12.73700
46.4;13.19000
46.6;13.73600
46.8;14.46000
47.0;15.02100
47.2;15.22200
47.4;15.11900
47.6;14.88200
47.8;14.70000
48.0;14.52900
48.2;14.36600
48.4;14.16500
48.6;13.96200
48.8;13.69900
49.0;13.41300
49.2;13.11300
49.4;12.74600
49.6;12.35900
49.8;11.95100
50.0;11.56600
50.2;11.19900
50.4;10.92000
50.6;10.61800
50.8;10.06100
51.0;9.40480
51.2;8.77570
51.4;8.18910
51.6;7.68790
51.8;7.13270
52.0;6.42740
52.2;5.67120
52.4;4.87390
52.6;4.24960
52.8;3.80510
53.0;3.15960
53.2;2.35300
53.4;1.57730
53.6;1.06550
53.8;0.84508
54.0;0.77798
54.2;0.75639
54.4;0.74593
54.6;0.73723
54.8;0.72957
55.0;0.72033
55.5;0.69982
56.0;0.68033
56.5;0.66150
57.0;0.64433
57.5;0.62639
58.0;0.60973
58.5;0.59353
59.0;0.57785
59.5;0.56359
60.0;0.54882
62.0;0.49584
64.0;0.45063
66.0;0.41153
68.0;0.37905
70.0;0.35256
72.0;0.33086
74.0;0.31247
75.0;0.30477
85.0;0.24253
95.0;0.19440
105.0;0.15521
115.0;0.12313
125.0;0.09629
135.0;0.07441
145.0;0.05702
155.0;0.04328
165.0;0.03335
175.0;0.02517
185.0;0.02004
195.0;0.01593
205.0;0.01325
210.5;0.01223
End:; 
Origin of data [Measured/Computed]:; Measured
Machine/Treatment room:; ptRoom1PBS_RF4_241230
Snout name:; ptRoom1PBS_RF4
Range modulator name:; RF4
Radiation type:; Carbon
Curve type [Depth/X/Y/AbsoluteDosimetry]:; Depth
Medium:; Water
Single spot [Yes/No]:; Yes
Isocenter to snout distance [mm]:; 680
Isocenter to phantom surface distance [mm]:; 150
Detector lateral shape [Quadratic/Circular]:; Quadratic
Detector lateral side/diameter [mm]:; 80
Nominal beam energy [MeV]:; 1930.32
Measured dose curve (Depth [mm] Dose [a.u.]):; 
10.5;4.91510
15.5;5.11050
20.5;5.36820
25.5;5.69440
28.0;5.89890
30.0;6.08460
32.0;6.29630
34.0;6.55200
36.0;6.86190
38.0;7.21960
38.5;7.31910
39.0;7.42880
39.5;7.53710
40.0;7.66980
40.5;7.80120
41.0;7.94700
41.5;8.09600
42.0;8.25810
42.5;8.43180
43.0;8.62960
43.5;8.83380
44.0;9.06150
44.5;9.30620
45.0;9.56950
45.5;9.88200
46.0;10.23900
46.5;10.62700
47.0;11.09600
47.5;11.69700
48.0;12.47400
48.2;12.88500
48.4;13.35800
48.6;13.96600
48.8;14.66300
49.0;15.15800
49.2;15.26800
49.4;15.10200
49.6;14.87800
49.8;14.69600
50.0;14.56500
50.2;14.39700
50.4;14.19100
50.6;13.94800
50.8;13.70100
51.0;13.41000
51.2;13.14400
51.4;12.76800
51.6;12.33800
51.8;11.94200
52.0;11.56500
52.2;11.23600
52.4;10.99200
52.6;10.60700
52.8;10.03100
53.0;9.36680
53.2;8.79170
53.4;8.21530
53.6;7.75240
53.8;7.14600
54.0;6.40370
54.2;5.64710
54.4;4.86350
54.6;4.31920
54.8;3.82750
55.0;3.14090
55.2;2.26120
55.4;1.53420
55.6;1.08770
55.8;0.87190
56.0;0.80336
56.2;0.78277
56.4;0.77314
56.6;0.76297
56.8;0.75433
57.0;0.74706
57.5;0.72629
58.0;0.70577
58.5;0.68768
59.0;0.67032
59.5;0.65184
60.0;0.63540
60.5;0.62001
61.0;0.60270
61.5;0.58990
62.0;0.57456
64.0;0.51994
66.0;0.47190
68.0;0.43197
70.0;0.39763
72.0;0.37090
74.0;0.34730
76.0;0.32833
77.0;0.32029
87.0;0.25618
97.0;0.20683
107.0;0.16720
117.0;0.13327
127.0;0.10599
137.0;0.08288
147.0;0.06404
157.0;0.04864
167.0;0.03747
177.0;0.02939
187.0;0.02265
197.0;0.01824
207.0;0.01505
210.5;0.01445
End:; 
Origin of data [Measured/Computed]:; Measured
Machine/Treatment room:; ptRoom1PBS_RF4_241230
Snout name:; ptRoom1PBS_RF4
Range modulator name:; RF4
Radiation type:; Carbon
Curve type [Depth/X/Y/AbsoluteDosimetry]:; Depth
Medium:; Water
Single spot [Yes/No]:; Yes
Isocenter to snout distance [mm]:; 680
Isocenter to phantom surface distance [mm]:; 150
Detector lateral shape [Quadratic/Circular]:; Quadratic
Detector lateral side/diameter [mm]:; 80
Nominal beam energy [MeV]:; 1967.4
Measured dose curve (Depth [mm] Dose [a.u.]):; 
10.5;4.95240
15.5;5.13750
20.5;5.38220
25.5;5.68030
29.9;6.03240
31.9;6.20670
33.9;6.42820
35.9;6.67960
37.9;6.98100
39.9;7.36890
40.4;7.45240
40.9;7.56650
41.4;7.68920
41.9;7.82280
42.4;7.94840
42.9;8.09850
43.4;8.25950
43.9;8.41130
44.4;8.60860
44.9;8.77610
45.4;8.97600
45.9;9.22000
46.4;9.45860
46.9;9.74320
47.4;10.03700
47.9;10.40000
48.4;10.82000
48.9;11.26600
49.4;11.87200
49.9;12.67200
50.1;13.09400
50.3;13.56600
50.5;14.14800
50.7;14.82900
50.9;15.37800
51.1;15.56900
51.3;15.45500
51.5;15.22700
51.7;15.02600
51.9;14.86800
52.1;14.68900
52.3;14.48000
52.5;14.23700
52.7;13.98200
52.9;13.70200
53.1;13.37200
53.3;12.98300
53.5;12.59400
53.7;12.19000
53.9;11.82800
54.1;11.43300
54.3;11.16900
54.5;10.82900
54.7;10.25700
54.9;9.59200
55.1;8.97040
55.3;8.41050
55.5;7.86830
55.7;7.29950
55.9;6.60430
56.1;5.79400
56.3;4.99530
56.5;4.36750
56.7;3.90860
56.9;3.26300
57.1;2.45790
57.3;1.61620
57.5;1.14940
57.7;0.90806
57.9;0.83837
58.1;0.81597
58.3;0.80627
58.5;0.79683
58.7;0.78808
58.9;0.77939
59.4;0.75801
59.9;0.73764
60.4;0.71927
60.9;0.70155
61.4;0.68369
61.9;0.66667
62.4;0.65134
62.9;0.63493
63.4;0.61916
63.9;0.60411
65.9;0.54878
67.9;0.49887
69.9;0.45762
71.9;0.42206
73.9;0.39295
75.9;0.36848
77.9;0.34786
78.9;0.33932
88.9;0.27230
98.9;0.22099
108.9;0.17971
118.9;0.14457
128.9;0.11565
138.9;0.09136
148.9;0.07189
158.9;0.05525
168.9;0.04232
178.9;0.03288
188.9;0.02575
198.9;0.02044
208.9;0.01666
210.5;0.01668
End:; 
Origin of data [Measured/Computed]:; Measured
Machine/Treatment room:; ptRoom1PBS_RF4_241230
Snout name:; ptRoom1PBS_RF4
Range modulator name:; RF4
Radiation type:; Carbon
Curve type [Depth/X/Y/AbsoluteDosimetry]:; Depth
Medium:; Water
Single spot [Yes/No]:; Yes
Isocenter to snout distance [mm]:; 680
Isocenter to phantom surface distance [mm]:; 150
Detector lateral shape [Quadratic/Circular]:; Quadratic
Detector lateral side/diameter [mm]:; 80
Nominal beam energy [MeV]:; 2004.12
Measured dose curve (Depth [mm] Dose [a.u.]):; 
10.5;4.97730
15.5;5.14960
20.5;5.38060
25.5;5.65130
30.5;6.00940
32.0;6.12860
34.0;6.32280
36.0;6.55780
38.0;6.81860
40.0;7.11950
42.0;7.50250
42.5;7.59400
43.0;7.71620
43.5;7.83040
44.0;7.96170
44.5;8.09880
45.0;8.23280
45.5;8.40500
46.0;8.57830
46.5;8.74540
47.0;8.93180
47.5;9.13870
48.0;9.37250
48.5;9.61480
49.0;9.88430
49.5;10.21800
50.0;10.59200
50.5;10.98400
51.0;11.46700
51.5;12.07700
52.0;12.86400
52.2;13.29400
52.4;13.76500
52.6;14.35500
52.8;15.02500
53.0;15.65500
53.2;15.83900
53.4;15.75700
53.6;15.52700
53.8;15.29000
54.0;15.11200
54.2;14.97300
54.4;14.78400
54.6;14.53400
54.8;14.25400
55.0;13.97300
55.2;13.63900
55.4;13.29000
55.6;12.91000
55.8;12.48600
56.0;12.08400
56.2;11.70000
56.4;11.40000
56.6;11.07200
56.8;10.57900
57.0;9.92530
57.2;9.20050
57.4;8.58520
57.6;8.07040
57.8;7.48650
58.0;6.81460
58.2;5.95490
58.4;5.14000
58.6;4.49660
58.8;4.00200
59.0;3.34530
59.2;2.55440
59.4;1.72060
59.6;1.16250
59.8;0.94920
60.0;0.87808
60.2;0.85309
60.4;0.84165
60.6;0.83188
60.8;0.82419
61.0;0.81549
61.5;0.79374
62.0;0.77399
62.5;0.75526
63.0;0.73693
63.5;0.71903
64.0;0.70077
64.5;0.68500
65.0;0.66982
65.5;0.65193
66.0;0.63641
68.0;0.57895
70.0;0.52801
72.0;0.48460
74.0;0.44747
76.0;0.41546
78.0;0.38953
80.0;0.36837
81.0;0.35814
91.0;0.28864
101.0;0.23653
111.0;0.19261
121.0;0.15693
131.0;0.12672
141.0;0.10094
151.0;0.08040
161.0;0.06261
171.0;0.04813
181.0;0.03763
191.0;0.02930
201.0;0.02343
210.5;0.01901
End:; 
Origin of data [Measured/Computed]:; Measured
Machine/Treatment room:; ptRoom1PBS_RF4_241230
Snout name:; ptRoom1PBS_RF4
Range modulator name:; RF4
Radiation type:; Carbon
Curve type [Depth/X/Y/AbsoluteDosimetry]:; Depth
Medium:; Water
Single spot [Yes/No]:; Yes
Isocenter to snout distance [mm]:; 680
Isocenter to phantom surface distance [mm]:; 150
Detector lateral shape [Quadratic/Circular]:; Quadratic
Detector lateral side/diameter [mm]:; 80
Nominal beam energy [MeV]:; 2040.36
Measured dose curve (Depth [mm] Dose [a.u.]):; 
10.5;4.98260
15.5;5.14310
20.5;5.35240
25.5;5.59610
30.5;5.91260
34.1;6.21970
36.1;6.41220
38.1;6.63040
40.1;6.89250
42.1;7.21290
44.1;7.59230
44.6;7.70170
45.1;7.82440
45.6;7.93890
46.1;8.06570
46.6;8.19100
47.1;8.34830
47.6;8.50780
48.1;8.66770
48.6;8.84690
49.1;9.04560
49.6;9.23860
50.1;9.47970
50.6;9.74360
51.1;10.02100
51.6;10.33500
52.1;10.71800
52.6;11.11300
53.1;11.59200
53.6;12.20900
54.1;13.00400
54.3;13.39200
54.5;13.83800
54.7;14.44100
54.9;15.14500
55.1;15.75400
55.3;16.01300
55.5;15.94000
55.7;15.69500
55.9;15.48400
56.1;15.28500
56.3;15.12000
56.5;14.92600
56.7;14.67100
56.9;14.43000
57.1;14.13100
57.3;13.79500
57.5;13.42600
57.7;13.00400
57.9;12.60600
58.1;12.18800
58.3;11.81900
58.5;11.47600
58.7;11.12200
58.9;10.63800
59.1;9.98600
59.3;9.27720
59.5;8.66080
59.7;8.10950
59.9;7.49060
60.1;6.79520
60.3;6.02810
60.5;5.23540
60.7;4.58330
60.9;4.02500
61.1;3.41400
61.3;2.60480
61.5;1.82130
61.7;1.25830
61.9;1.00500
62.1;0.91697
62.3;0.88692
62.5;0.87413
62.7;0.86460
62.9;0.85531
63.1;0.84597
63.6;0.82511
64.1;0.80482
64.6;0.78701
65.1;0.76768
65.6;0.75088
66.1;0.73231
66.6;0.71553
67.1;0.69813
67.6;0.68255
68.1;0.66746
70.1;0.60690
72.1;0.55642
74.1;0.51019
76.1;0.47110
78.1;0.43778
80.1;0.41059
82.1;0.38680
83.1;0.37696
93.1;0.30425
103.1;0.25127
113.1;0.20656
123.1;0.16915
133.1;0.13742
143.1;0.11105
153.1;0.08838
163.1;0.06976
173.1;0.05420
183.1;0.04178
193.1;0.03263
203.1;0.02583
210.5;0.02218
End:; 
Origin of data [Measured/Computed]:; Measured
Machine/Treatment room:; ptRoom1PBS_RF4_241230
Snout name:; ptRoom1PBS_RF4
Range modulator name:; RF4
Radiation type:; Carbon
Curve type [Depth/X/Y/AbsoluteDosimetry]:; Depth
Medium:; Water
Single spot [Yes/No]:; Yes
Isocenter to snout distance [mm]:; 680
Isocenter to phantom surface distance [mm]:; 150
Detector lateral shape [Quadratic/Circular]:; Quadratic
Detector lateral side/diameter [mm]:; 80
Nominal beam energy [MeV]:; 2076.12
Measured dose curve (Depth [mm] Dose [a.u.]):; 
10.5;4.93190
15.5;5.07810
20.5;5.26150
25.5;5.49700
30.5;5.79020
35.5;6.16280
36.2;6.23870
38.2;6.42020
40.2;6.65640
42.2;6.91140
44.2;7.22870
46.2;7.60870
46.7;7.72440
47.2;7.82700
47.7;7.93750
48.2;8.08260
48.7;8.20950
49.2;8.35440
49.7;8.52050
50.2;8.68580
50.7;8.85000
51.2;9.04870
51.7;9.28910
52.2;9.51780
52.7;9.75510
53.2;10.04900
53.7;10.35000
54.2;10.71500
54.7;11.13400
55.2;11.61100
55.7;12.19800
56.2;12.97400
56.4;13.34500
56.6;13.84400
56.8;14.42000
57.0;15.03600
57.2;15.69100
57.4;15.93500
57.6;15.91700
57.8;15.69600
58.0;15.51900
58.2;15.32100
58.4;15.15700
58.6;14.96200
58.8;14.71600
59.0;14.43000
59.2;14.14700
59.4;13.81100
59.6;13.40100
59.8;13.00300
60.0;12.58600
60.2;12.19200
60.4;11.81200
60.6;11.47400
60.8;11.13100
61.0;10.66100
61.2;9.99110
61.4;9.21710
61.6;8.61780
61.8;8.11020
62.0;7.56070
62.2;6.81120
62.4;6.04500
62.6;5.26480
62.8;4.58690
63.0;4.07300
63.2;3.47610
63.4;2.65160
63.6;1.83880
63.8;1.27860
64.0;1.03490
64.2;0.94326
64.4;0.91033
64.6;0.89833
64.8;0.88705
65.0;0.87877
65.2;0.87169
65.7;0.84928
66.2;0.82937
66.7;0.81058
67.2;0.79101
67.7;0.77204
68.2;0.75385
68.7;0.73684
69.2;0.72111
69.7;0.70518
70.2;0.68872
72.2;0.63013
74.2;0.57857
76.2;0.53123
78.2;0.49054
80.2;0.45652
82.2;0.42698
84.2;0.40242
85.2;0.39186
95.2;0.31719
105.2;0.26324
115.2;0.21794
125.2;0.17958
135.2;0.14729
145.2;0.11961
155.2;0.09649
165.2;0.07654
175.2;0.06047
185.2;0.04691
195.2;0.03745
205.2;0.02938
210.5;0.02632
End:; 
Origin of data [Measured/Computed]:; Measured
Machine/Treatment room:; ptRoom1PBS_RF4_241230
Snout name:; ptRoom1PBS_RF4
Range modulator name:; RF4
Radiation type:; Carbon
Curve type [Depth/X/Y/AbsoluteDosimetry]:; Depth
Medium:; Water
Single spot [Yes/No]:; Yes
Isocenter to snout distance [mm]:; 680
Isocenter to phantom surface distance [mm]:; 150
Detector lateral shape [Quadratic/Circular]:; Quadratic
Detector lateral side/diameter [mm]:; 80
Nominal beam energy [MeV]:; 2111.52
Measured dose curve (Depth [mm] Dose [a.u.]):; 
10.5;4.92630
15.5;5.07750
20.5;5.24550
25.5;5.45840
30.5;5.72480
35.5;6.06290
38.3;6.29850
40.3;6.49700
42.3;6.72030
44.3;6.98920
46.3;7.30360
48.3;7.68120
48.8;7.78800
49.3;7.90410
49.8;8.02240
50.3;8.15320
50.8;8.29340
51.3;8.44280
51.8;8.59240
52.3;8.77720
52.8;8.96620
53.3;9.14110
53.8;9.36880
54.3;9.59120
54.8;9.85020
55.3;10.10900
55.8;10.43200
56.3;10.77800
56.8;11.18400
57.3;11.63700
57.8;12.24500
58.3;12.98100
58.5;13.38000
58.7;13.83200
58.9;14.36300
59.1;15.06000
59.3;15.63200
59.5;15.97700
59.7;15.97200
59.9;15.79000
60.1;15.58200
60.3;15.41900
60.5;15.29400
60.7;15.09700
60.9;14.88800
61.1;14.61800
61.3;14.39300
61.5;14.05600
61.7;13.67700
61.9;13.28700
62.1;12.88100
62.3;12.48600
62.5;12.14500
62.7;11.83200
62.9;11.52900
63.1;10.96300
63.3;10.26600
63.5;9.64400
63.7;8.97970
63.9;8.45480
64.1;7.87390
64.3;7.18170
64.5;6.39720
64.7;5.59710
64.9;4.90470
65.1;4.35160
65.3;3.75350
65.5;2.90980
65.7;2.10110
65.9;1.45450
66.1;1.12490
66.3;0.99088
66.5;0.95077
66.7;0.93433
66.9;0.92246
67.1;0.91308
67.3;0.90574
67.8;0.88296
68.3;0.86137
68.8;0.84211
69.3;0.82358
69.8;0.80589
70.3;0.78701
70.8;0.76983
71.3;0.75306
71.8;0.73755
72.3;0.72049
74.3;0.66000
76.3;0.60713
78.3;0.55867
80.3;0.51649
82.3;0.48021
84.3;0.44941
86.3;0.42320
87.3;0.41174
97.3;0.33354
107.3;0.27782
117.3;0.23182
127.3;0.19222
137.3;0.15886
147.3;0.13003
157.3;0.10548
167.3;0.08482
177.3;0.06698
187.3;0.05293
197.3;0.04167
207.3;0.03265
210.5;0.03026
End:; 
Origin of data [Measured/Computed]:; Measured
Machine/Treatment room:; ptRoom1PBS_RF4_241230
Snout name:; ptRoom1PBS_RF4
Range modulator name:; RF4
Radiation type:; Carbon
Curve type [Depth/X/Y/AbsoluteDosimetry]:; Depth
Medium:; Water
Single spot [Yes/No]:; Yes
Isocenter to snout distance [mm]:; 680
Isocenter to phantom surface distance [mm]:; 150
Detector lateral shape [Quadratic/Circular]:; Quadratic
Detector lateral side/diameter [mm]:; 80
Nominal beam energy [MeV]:; 2146.44
Measured dose curve (Depth [mm] Dose [a.u.]):; 
10.5;4.98450
15.5;5.12660
20.5;5.28830
25.5;5.49280
30.5;5.74060
35.5;6.04490
40.3;6.45060
42.3;6.64020
44.3;6.88390
46.3;7.14550
48.3;7.47310
50.3;7.87900
50.8;7.96270
51.3;8.08780
51.8;8.22430
52.3;8.34460
52.8;8.48380
53.3;8.63850
53.8;8.78810
54.3;8.98230
54.8;9.15030
55.3;9.34280
55.8;9.57560
56.3;9.81750
56.8;10.07200
57.3;10.35800
57.8;10.67500
58.3;11.01800
58.8;11.44600
59.3;11.95200
59.8;12.59200
60.3;13.41500
60.5;13.80000
60.7;14.33800
60.9;14.98300
61.1;15.62900
61.3;16.09100
61.5;16.20600
61.7;16.12000
61.9;15.92800
62.1;15.77600
62.3;15.58900
62.5;15.46900
62.7;15.28900
62.9;15.01800
63.1;14.78700
63.3;14.50000
63.5;14.19000
63.7;13.78300
63.9;13.39900
64.1;12.99300
64.3;12.61900
64.5;12.31300
64.7;11.93600
64.9;11.63200
65.1;11.01400
65.3;10.30700
65.5;9.59890
65.7;9.06080
65.9;8.50410
66.1;7.84490
66.3;7.17290
66.5;6.33860
66.7;5.57860
66.9;4.88810
67.1;4.29250
67.3;3.63890
67.5;2.73510
67.7;1.88100
67.9;1.36070
68.1;1.10350
68.3;1.01330
68.5;0.97905
68.7;0.96700
68.9;0.95722
69.1;0.94975
69.3;0.93872
69.8;0.91543
70.3;0.89509
70.8;0.87790
71.3;0.85946
71.8;0.83635
72.3;0.81924
72.8;0.80442
73.3;0.78741
73.8;0.76888
74.3;0.75274
76.3;0.69106
78.3;0.63628
80.3;0.58678
82.3;0.54292
84.3;0.50464
86.3;0.47307
88.3;0.44538
89.3;0.43270
99.3;0.35063
109.3;0.29356
119.3;0.24631
129.3;0.20620
139.3;0.17197
149.3;0.14029
159.3;0.11495
169.3;0.09295
179.3;0.07488
189.3;0.05873
199.3;0.04696
209.3;0.03692
210.5;0.03659
End:; 
Origin of data [Measured/Computed]:; Measured
Machine/Treatment room:; ptRoom1PBS_RF4_241230
Snout name:; ptRoom1PBS_RF4
Range modulator name:; RF4
Radiation type:; Carbon
Curve type [Depth/X/Y/AbsoluteDosimetry]:; Depth
Medium:; Water
Single spot [Yes/No]:; Yes
Isocenter to snout distance [mm]:; 680
Isocenter to phantom surface distance [mm]:; 150
Detector lateral shape [Quadratic/Circular]:; Quadratic
Detector lateral side/diameter [mm]:; 80
Nominal beam energy [MeV]:; 2181
Measured dose curve (Depth [mm] Dose [a.u.]):; 
10.5;4.99670
15.5;5.12030
20.5;5.28450
25.5;5.46500
30.5;5.69730
35.5;5.98250
40.5;6.34840
42.3;6.51260
44.3;6.71780
46.3;6.94920
48.3;7.22440
50.3;7.54890
52.3;7.95010
52.8;8.05940
53.3;8.17490
53.8;8.29230
54.3;8.43790
54.8;8.57210
55.3;8.71510
55.8;8.87180
56.3;9.05260
56.8;9.24770
57.3;9.43680
57.8;9.65630
58.3;9.89260
58.8;10.12500
59.3;10.42000
59.8;10.73600
60.3;11.10300
60.8;11.51500
61.3;12.01200
61.8;12.61800
62.3;13.39800
62.5;13.76100
62.7;14.20900
62.9;14.83200
63.1;15.45000
63.3;16.11800
63.5;16.49400
63.7;16.51600
63.9;16.34300
64.1;16.13100
64.3;15.92800
64.5;15.75700
64.7;15.55700
64.9;15.31800
65.1;15.05000
65.3;14.74900
65.5;14.41000
65.7;14.03700
65.9;13.63500
66.1;13.22500
66.3;12.81200
66.5;12.42100
66.7;12.06000
66.9;11.64500
67.1;11.19400
67.3;10.50400
67.5;9.83260
67.7;9.20000
67.9;8.64390
68.1;8.07710
68.3;7.42480
68.5;6.67260
68.7;5.83580
68.9;5.10010
69.1;4.52830
69.3;3.90760
69.5;3.06450
69.7;2.18830
69.9;1.57440
70.1;1.20240
70.3;1.06210
70.5;1.01830
70.7;0.99856
70.9;0.98639
71.1;0.97830
71.3;0.97089
71.8;0.94823
72.3;0.92736
72.8;0.90682
73.3;0.88831
73.8;0.86770
74.3;0.85024
74.8;0.83249
75.3;0.81548
75.8;0.79803
76.3;0.78264
78.3;0.72018
80.3;0.66303
82.3;0.61216
84.3;0.56760
86.3;0.52754
88.3;0.49368
90.3;0.46452
91.3;0.45260
101.3;0.36617
111.3;0.30829
121.3;0.25856
131.3;0.21630
141.3;0.18075
151.3;0.15004
161.3;0.12316
171.3;0.10095
181.3;0.08097
191.3;0.06434
201.3;0.05079
210.5;0.04103
End:; 
Origin of data [Measured/Computed]:; Measured
Machine/Treatment room:; ptRoom1PBS_RF4_241230
Snout name:; ptRoom1PBS_RF4
Range modulator name:; RF4
Radiation type:; Carbon
Curve type [Depth/X/Y/AbsoluteDosimetry]:; Depth
Medium:; Water
Single spot [Yes/No]:; Yes
Isocenter to snout distance [mm]:; 680
Isocenter to phantom surface distance [mm]:; 150
Detector lateral shape [Quadratic/Circular]:; Quadratic
Detector lateral side/diameter [mm]:; 80
Nominal beam energy [MeV]:; 2215.08
Measured dose curve (Depth [mm] Dose [a.u.]):; 
10.5;5.30130
20.5;5.58460
25.5;5.75400
30.5;5.99620
35.5;6.26030
40.5;6.60000
44.5;6.95410
46.5;7.16750
48.5;7.41900
50.5;7.70850
52.5;8.04980
54.5;8.45980
55.0;8.59850
55.5;8.70970
56.0;8.83420
56.5;8.96310
57.0;9.13350
57.5;9.27600
58.0;9.44600
58.5;9.61740
59.0;9.80120
59.5;10.01400
60.0;10.24000
60.5;10.47900
61.0;10.72300
61.5;11.06300
62.0;11.38400
62.5;11.72800
63.0;12.17500
63.5;12.65700
64.0;13.24200
64.5;13.98300
64.7;14.33000
64.9;14.78200
65.1;15.27600
65.3;15.89000
65.5;16.56600
65.7;17.25200
65.9;17.55300
66.1;17.50500
66.3;17.31200
66.5;17.19400
66.7;16.95600
66.9;16.76200
67.1;16.61400
67.3;16.33300
67.5;16.07500
67.7;15.71500
67.9;15.45200
68.1;14.98700
68.3;14.63900
68.5;14.12000
68.7;13.75500
68.9;13.28100
69.1;12.89700
69.3;12.52900
69.5;11.93400
69.7;11.27800
69.9;10.44200
70.1;9.78350
70.3;9.08930
70.5;8.44130
70.7;7.66840
70.9;6.80770
71.1;5.88240
71.3;5.08980
71.5;4.45250
71.7;3.71640
71.9;2.94000
72.1;2.08010
72.3;1.55640
72.5;1.26650
72.7;1.14770
72.9;1.10680
73.1;1.08650
73.3;1.07590
73.5;1.06270
74.0;1.04420
74.5;1.01910
75.0;0.99520
75.5;0.98042
76.0;0.96021
76.5;0.93528
77.0;0.91494
77.5;0.90215
78.0;0.88033
78.5;0.86449
80.5;0.79399
82.5;0.73861
84.5;0.68171
86.5;0.63007
88.5;0.58795
90.5;0.54721
92.5;0.51464
93.5;0.50320
103.5;0.40409
113.5;0.34221
123.5;0.28866
133.5;0.24331
143.5;0.20345
153.5;0.17073
163.5;0.14085
173.5;0.11587
183.5;0.09360
193.5;0.07493
203.5;0.05952
210.5;0.05093
End:; 
Origin of data [Measured/Computed]:; Measured
Machine/Treatment room:; ptRoom1PBS_RF4_241230
Snout name:; ptRoom1PBS_RF4
Range modulator name:; RF4
Radiation type:; Carbon
Curve type [Depth/X/Y/AbsoluteDosimetry]:; Depth
Medium:; Water
Single spot [Yes/No]:; Yes
Isocenter to snout distance [mm]:; 680
Isocenter to phantom surface distance [mm]:; 150
Detector lateral shape [Quadratic/Circular]:; Quadratic
Detector lateral side/diameter [mm]:; 80
Nominal beam energy [MeV]:; 2248.92
Measured dose curve (Depth [mm] Dose [a.u.]):; 
10.5;5.31370
20.5;5.55360
21.5;5.62340
26.5;5.77990
31.5;6.00090
36.5;6.25450
41.5;6.59710
46.5;7.04340
48.5;7.24320
50.5;7.50360
52.5;7.78490
54.5;8.13360
56.5;8.55860
57.0;8.65630
57.5;8.79590
58.0;8.91260
58.5;9.06920
59.0;9.21600
59.5;9.38840
60.0;9.52510
60.5;9.70790
61.0;9.91900
61.5;10.11500
62.0;10.34200
62.5;10.59100
63.0;10.87000
63.5;11.17700
64.0;11.51000
64.5;11.86200
65.0;12.30800
65.5;12.78600
66.0;13.42400
66.5;14.19800
66.7;14.53400
66.9;15.02600
67.1;15.57900
67.3;16.21000
67.5;16.88500
67.7;17.39700
67.9;17.59000
68.1;17.45700
68.3;17.26500
68.5;17.11700
68.7;16.97100
68.9;16.80500
69.1;16.57300
69.3;16.29800
69.5;16.02800
69.7;15.66900
69.9;15.30000
70.1;14.88700
70.3;14.49500
70.5;14.06300
70.7;13.58300
70.9;13.26600
71.1;12.88200
71.3;12.44300
71.5;11.75500
71.7;10.99400
71.9;10.27100
72.1;9.62900
72.3;8.92400
72.5;8.23870
72.7;7.32630
72.9;6.44120
73.1;5.56380
73.3;4.89710
73.5;4.20880
73.7;3.38450
73.9;2.48430
74.1;1.84320
74.3;1.42610
74.5;1.22660
74.7;1.15290
74.9;1.12520
75.1;1.10970
75.3;1.10090
75.5;1.09140
76.0;1.06470
76.5;1.04240
77.0;1.02210
77.5;1.00000
78.0;0.97861
78.5;0.95927
79.0;0.94035
79.5;0.92227
80.0;0.90159
80.5;0.88578
82.5;0.82099
84.5;0.75993
86.5;0.70276
88.5;0.65285
90.5;0.60712
92.5;0.56761
94.5;0.53287
96.5;0.50463
97.5;0.49199
107.5;0.40431
117.5;0.34230
127.5;0.29121
137.5;0.24629
147.5;0.20792
157.5;0.17367
167.5;0.14443
177.5;0.11833
187.5;0.09730
197.5;0.07824
207.5;0.06235
210.5;0.05800
End:; 
Origin of data [Measured/Computed]:; Measured
Machine/Treatment room:; ptRoom1PBS_RF4_241230
Snout name:; ptRoom1PBS_RF4
Range modulator name:; RF4
Radiation type:; Carbon
Curve type [Depth/X/Y/AbsoluteDosimetry]:; Depth
Medium:; Water
Single spot [Yes/No]:; Yes
Isocenter to snout distance [mm]:; 680
Isocenter to phantom surface distance [mm]:; 150
Detector lateral shape [Quadratic/Circular]:; Quadratic
Detector lateral side/diameter [mm]:; 80
Nominal beam energy [MeV]:; 2282.28
Measured dose curve (Depth [mm] Dose [a.u.]):; 
10.5;5.30220
20.5;5.55940
23.5;5.64890
28.5;5.84120
33.5;6.03630
38.5;6.31090
43.5;6.64370
48.5;7.09150
50.5;7.30530
52.5;7.56790
54.5;7.86490
56.5;8.22580
58.5;8.62040
59.0;8.72200
59.5;8.86170
60.0;8.98030
60.5;9.13170
61.0;9.27390
61.5;9.44610
62.0;9.64230
62.5;9.80570
63.0;9.97260
63.5;10.18700
64.0;10.41500
64.5;10.66200
65.0;10.93500
65.5;11.21200
66.0;11.57000
66.5;11.89500
67.0;12.33000
67.5;12.85800
68.0;13.47000
68.5;14.25000
68.7;14.52600
68.9;15.02700
69.1;15.59100
69.3;16.22400
69.5;16.94200
69.7;17.53600
69.9;17.70200
70.1;17.63100
70.3;17.41100
70.5;17.27100
70.7;17.13200
70.9;16.90900
71.1;16.72000
71.3;16.48100
71.5;16.21100
71.7;15.88200
71.9;15.55800
72.1;15.14400
72.3;14.67000
72.5;14.27500
72.7;13.84700
72.9;13.45200
73.1;13.08400
73.3;12.65100
73.5;12.09400
73.7;11.35800
73.9;10.61300
74.1;9.94070
74.3;9.25680
74.5;8.53540
74.7;7.78420
74.9;6.90060
75.1;6.01810
75.3;5.23920
75.5;4.59140
75.7;3.86840
75.9;2.97350
76.1;2.20840
76.3;1.66570
76.5;1.35710
76.7;1.21510
76.9;1.16670
77.1;1.14810
77.3;1.13560
77.5;1.12670
78.0;1.10160
78.5;1.07570
79.0;1.05460
79.5;1.03190
80.0;1.01440
80.5;0.99321
81.0;0.97350
81.5;0.95527
82.0;0.93783
82.5;0.91905
84.5;0.85192
86.5;0.78944
88.5;0.73384
90.5;0.68114
92.5;0.63523
94.5;0.59457
96.5;0.55804
97.5;0.54269
107.5;0.43639
117.5;0.37134
127.5;0.31629
137.5;0.26893
147.5;0.22777
157.5;0.19180
167.5;0.16101
177.5;0.13394
187.5;0.11009
197.5;0.08987
207.5;0.07231
210.5;0.06767
End:; 
Origin of data [Measured/Computed]:; Measured
Machine/Treatment room:; ptRoom1PBS_RF4_241230
Snout name:; ptRoom1PBS_RF4
Range modulator name:; RF4
Radiation type:; Carbon
Curve type [Depth/X/Y/AbsoluteDosimetry]:; Depth
Medium:; Water
Single spot [Yes/No]:; Yes
Isocenter to snout distance [mm]:; 680
Isocenter to phantom surface distance [mm]:; 150
Detector lateral shape [Quadratic/Circular]:; Quadratic
Detector lateral side/diameter [mm]:; 80
Nominal beam energy [MeV]:; 2315.28
Measured dose curve (Depth [mm] Dose [a.u.]):; 
10.5;5.29540
20.5;5.52960
25.5;5.69270
30.5;5.86450
35.5;6.06890
40.5;6.33490
45.5;6.66670
50.5;7.10280
52.5;7.33730
54.5;7.58220
56.5;7.86920
58.5;8.21720
60.5;8.63830
61.0;8.76110
61.5;8.88390
62.0;9.01280
62.5;9.14400
63.0;9.29190
63.5;9.45180
64.0;9.61690
64.5;9.79540
65.0;10.00000
65.5;10.18700
66.0;10.41300
66.5;10.63700
67.0;10.87800
67.5;11.18600
68.0;11.50600
68.5;11.85900
69.0;12.27700
69.5;12.74100
70.0;13.32900
70.5;14.06700
70.7;14.36900
70.9;14.78400
71.1;15.27200
71.3;15.80500
71.5;16.56700
71.7;17.22600
71.9;17.65000
72.1;17.73400
72.3;17.62300
72.5;17.39500
72.7;17.23000
72.9;17.07600
73.1;16.87400
73.3;16.70900
73.5;16.41500
73.7;16.08100
73.9;15.77200
74.1;15.39200
74.3;15.03600
74.5;14.60200
74.7;14.13100
74.9;13.77500
75.1;13.43400
75.3;13.06900
75.5;12.59300
75.7;12.01200
75.9;11.21400
76.1;10.51000
76.3;9.76240
76.5;9.07660
76.7;8.31420
76.9;7.38160
77.1;6.48380
77.3;5.65540
77.5;4.97950
77.7;4.21890
77.9;3.41010
78.1;2.50180
78.3;1.83530
78.5;1.45350
78.7;1.27550
78.9;1.20190
79.1;1.17660
79.3;1.16270
79.5;1.15200
80.0;1.12800
80.5;1.10310
81.0;1.08090
81.5;1.06010
82.0;1.04170
82.5;1.02210
83.0;1.00450
83.5;0.98539
84.0;0.96636
84.5;0.94900
86.5;0.87941
88.5;0.81633
90.5;0.75878
92.5;0.70561
94.5;0.65878
96.5;0.61616
98.5;0.57899
99.5;0.56257
109.5;0.45133
119.5;0.38373
129.5;0.32808
139.5;0.28039
149.5;0.23880
159.5;0.20180
169.5;0.16923
179.5;0.14108
189.5;0.11847
199.5;0.09707
209.5;0.07862
210.5;0.07692
End:; 
Origin of data [Measured/Computed]:; Measured
Machine/Treatment room:; ptRoom1PBS_RF4_241230
Snout name:; ptRoom1PBS_RF4
Range modulator name:; RF4
Radiation type:; Carbon
Curve type [Depth/X/Y/AbsoluteDosimetry]:; Depth
Medium:; Water
Single spot [Yes/No]:; Yes
Isocenter to snout distance [mm]:; 680
Isocenter to phantom surface distance [mm]:; 150
Detector lateral shape [Quadratic/Circular]:; Quadratic
Detector lateral side/diameter [mm]:; 80
Nominal beam energy [MeV]:; 2347.92
Measured dose curve (Depth [mm] Dose [a.u.]):; 
10.5;5.36520
20.5;5.57250
27.5;5.78410
32.5;5.98300
37.5;6.18250
42.5;6.44880
47.5;6.80350
52.5;7.24060
54.5;7.47810
56.5;7.72160
58.5;8.02190
60.5;8.37620
62.5;8.83350
63.0;8.93900
63.5;9.05340
64.0;9.19240
64.5;9.34870
65.0;9.49160
65.5;9.64030
66.0;9.83310
66.5;10.00400
67.0;10.16900
67.5;10.40400
68.0;10.61400
68.5;10.85900
69.0;11.12700
69.5;11.43300
70.0;11.76500
70.5;12.16900
71.0;12.58400
71.5;13.15300
72.0;13.76400
72.5;14.51400
72.7;14.86200
72.9;15.31500
73.1;15.93900
73.3;16.56600
73.5;17.18900
73.7;17.75700
73.9;17.93200
74.1;17.86800
74.3;17.75700
74.5;17.52400
74.7;17.35500
74.9;17.19700
75.1;17.00800
75.3;16.72900
75.5;16.45800
75.7;16.16100
75.9;15.78100
76.1;15.35500
76.3;14.96600
76.5;14.52900
76.7;14.12400
76.9;13.68900
77.1;13.39700
77.3;12.97800
77.5;12.31400
77.7;11.58200
77.9;10.84700
78.1;10.09400
78.3;9.45960
78.5;8.78620
78.7;7.87760
78.9;6.94370
79.1;5.97050
79.3;5.20040
79.5;4.51610
79.7;3.74870
79.9;2.80990
80.1;2.08610
80.3;1.59220
80.5;1.35650
80.7;1.25850
80.9;1.22120
81.1;1.20300
81.3;1.19370
81.5;1.18300
82.0;1.16170
82.5;1.13830
83.0;1.11370
83.5;1.09580
84.0;1.07260
84.5;1.05420
85.0;1.03330
85.5;1.01460
86.0;0.99869
86.5;0.97878
88.5;0.90680
90.5;0.84568
92.5;0.78672
94.5;0.73231
96.5;0.68427
98.5;0.64051
100.5;0.60244
101.5;0.58651
111.5;0.46893
121.5;0.40128
131.5;0.34424
141.5;0.29490
151.5;0.25216
161.5;0.21553
171.5;0.18233
181.5;0.15313
191.5;0.12769
201.5;0.10531
210.5;0.08736
End:; 
Origin of data [Measured/Computed]:; Measured
Machine/Treatment room:; ptRoom1PBS_RF4_241230
Snout name:; ptRoom1PBS_RF4
Range modulator name:; RF4
Radiation type:; Carbon
Curve type [Depth/X/Y/AbsoluteDosimetry]:; Depth
Medium:; Water
Single spot [Yes/No]:; Yes
Isocenter to snout distance [mm]:; 680
Isocenter to phantom surface distance [mm]:; 150
Detector lateral shape [Quadratic/Circular]:; Quadratic
Detector lateral side/diameter [mm]:; 80
Nominal beam energy [MeV]:; 2380.32
Measured dose curve (Depth [mm] Dose [a.u.]):; 
10.5;5.28950
20.5;5.50260
29.5;5.76050
34.5;5.94340
39.5;6.16860
44.5;6.42470
49.5;6.75230
54.5;7.22380
56.5;7.42750
58.5;7.67010
60.5;7.96540
62.5;8.31900
64.5;8.74780
65.0;8.86800
65.5;8.98520
66.0;9.11750
66.5;9.26710
67.0;9.40060
67.5;9.54950
68.0;9.73200
68.5;9.90060
69.0;10.09000
69.5;10.29400
70.0;10.52100
70.5;10.75800
71.0;11.02700
71.5;11.31400
72.0;11.65400
72.5;12.00900
73.0;12.41300
73.5;12.90600
74.0;13.51800
74.5;14.23000
74.7;14.60600
74.9;14.97600
75.1;15.47700
75.3;16.04900
75.5;16.74600
75.7;17.35300
75.9;17.67700
76.1;17.72600
76.3;17.63500
76.5;17.44100
76.7;17.29400
76.9;17.10600
77.1;16.93600
77.3;16.68100
77.5;16.45200
77.7;16.18000
77.9;15.86000
78.1;15.44400
78.3;15.04000
78.5;14.64900
78.7;14.22700
78.9;13.81700
79.1;13.51600
79.3;13.05700
79.5;12.58500
79.7;11.92300
79.9;11.09700
80.1;10.37800
80.3;9.66540
80.5;8.99030
80.7;8.11380
80.9;7.26930
81.1;6.33060
81.3;5.46090
81.5;4.81030
81.7;4.04960
81.9;3.22020
82.1;2.37060
82.3;1.80470
82.5;1.46950
82.7;1.30990
82.9;1.24930
83.1;1.22600
83.3;1.21440
83.5;1.20190
84.0;1.17660
84.5;1.15440
85.0;1.13400
85.5;1.11130
86.0;1.09250
86.5;1.07190
87.0;1.05430
87.5;1.03360
88.0;1.01490
88.5;0.99883
90.5;0.92906
92.5;0.86737
94.5;0.80864
96.5;0.75498
98.5;0.70419
100.5;0.65950
102.5;0.62202
103.5;0.60259
113.5;0.48119
123.5;0.41268
133.5;0.35514
143.5;0.30580
153.5;0.26211
163.5;0.22447
173.5;0.19070
183.5;0.16160
193.5;0.13523
203.5;0.11321
210.5;0.09872
End:; 
Origin of data [Measured/Computed]:; Measured
Machine/Treatment room:; ptRoom1PBS_RF4_241230
Snout name:; ptRoom1PBS_RF4
Range modulator name:; RF4
Radiation type:; Carbon
Curve type [Depth/X/Y/AbsoluteDosimetry]:; Depth
Medium:; Water
Single spot [Yes/No]:; Yes
Isocenter to snout distance [mm]:; 680
Isocenter to phantom surface distance [mm]:; 150
Detector lateral shape [Quadratic/Circular]:; Quadratic
Detector lateral side/diameter [mm]:; 80
Nominal beam energy [MeV]:; 2412.36
Measured dose curve (Depth [mm] Dose [a.u.]):; 
10.5;5.29790
20.5;5.50020
30.5;5.78390
31.5;5.81040
36.5;5.99340
41.5;6.21660
46.5;6.48560
51.5;6.83280
56.5;7.25330
58.5;7.47380
60.5;7.72310
62.5;8.04140
64.5;8.37930
66.5;8.79860
67.0;8.91780
67.5;9.04090
68.0;9.18600
68.5;9.30770
69.0;9.45120
69.5;9.61000
70.0;9.77870
70.5;9.97600
71.0;10.16600
71.5;10.36100
72.0;10.60500
72.5;10.86100
73.0;11.06700
73.5;11.37500
74.0;11.68200
74.5;12.07400
75.0;12.44200
75.5;12.96000
76.0;13.52100
76.5;14.20000
76.7;14.56700
76.9;14.92800
77.1;15.42900
77.3;15.95700
77.5;16.61400
77.7;17.28800
77.9;17.74800
78.1;17.82900
78.3;17.74100
78.5;17.57500
78.7;17.42600
78.9;17.21700
79.1;17.11400
79.3;16.83300
79.5;16.57900
79.7;16.34500
79.9;16.02300
80.1;15.64500
80.3;15.22300
80.5;14.85600
80.7;14.39200
80.9;13.96700
81.1;13.51500
81.3;13.10000
81.5;12.60500
81.7;12.00800
81.9;11.26900
82.1;10.48400
82.3;9.77380
82.5;9.08760
82.7;8.33200
82.9;7.51790
83.1;6.69850
83.3;5.79780
83.5;5.05430
83.7;4.31020
83.9;3.61430
84.1;2.74700
84.3;2.05910
84.5;1.61150
84.7;1.39320
84.9;1.29600
85.1;1.26100
85.3;1.24660
85.5;1.23360
86.0;1.20770
86.5;1.18650
87.0;1.16110
87.5;1.14090
88.0;1.11930
88.5;1.10230
89.0;1.08460
89.5;1.06550
90.0;1.04420
90.5;1.03010
92.5;0.95782
94.5;0.89377
96.5;0.83488
98.5;0.77965
100.5;0.73239
102.5;0.68406
104.5;0.64303
105.5;0.62593
115.5;0.49695
125.5;0.42621
135.5;0.36888
145.5;0.31813
155.5;0.27404
165.5;0.23576
175.5;0.20096
185.5;0.17149
195.5;0.14504
205.5;0.12121
215.5;0.10049
225.5;0.08275
235.5;0.06734
245.5;0.05398
255.5;0.04352
260.5;0.03863
End:; 
Origin of data [Measured/Computed]:; Measured
Machine/Treatment room:; ptRoom1PBS_RF4_241230
Snout name:; ptRoom1PBS_RF4
Range modulator name:; RF4
Radiation type:; Carbon
Curve type [Depth/X/Y/AbsoluteDosimetry]:; Depth
Medium:; Water
Single spot [Yes/No]:; Yes
Isocenter to snout distance [mm]:; 680
Isocenter to phantom surface distance [mm]:; 150
Detector lateral shape [Quadratic/Circular]:; Quadratic
Detector lateral side/diameter [mm]:; 80
Nominal beam energy [MeV]:; 2444.04
Measured dose curve (Depth [mm] Dose [a.u.]):; 
10.5;5.27510
20.5;5.47010
30.5;5.73000
33.5;5.84440
38.5;6.01340
43.5;6.22810
48.5;6.51340
53.5;6.84790
58.5;7.27310
60.5;7.48530
62.5;7.75210
64.5;8.08320
66.5;8.38930
68.5;8.80520
69.0;8.91430
69.5;9.06090
70.0;9.18360
70.5;9.31100
71.0;9.46560
71.5;9.62400
72.0;9.79670
72.5;9.95620
73.0;10.15300
73.5;10.36400
74.0;10.56400
74.5;10.84100
75.0;11.09200
75.5;11.34600
76.0;11.64600
76.5;12.00600
77.0;12.40300
77.5;12.85000
78.0;13.44400
78.5;14.11100
78.7;14.41700
78.9;14.83100
79.1;15.27300
79.3;15.80300
79.5;16.46600
79.7;17.13400
79.9;17.66600
80.1;17.89000
80.3;17.87300
80.5;17.68200
80.7;17.53800
80.9;17.33000
81.1;17.22300
81.3;16.93400
81.5;16.72800
81.7;16.41900
81.9;16.12700
82.1;15.74800
82.3;15.37200
82.5;14.94100
82.7;14.49200
82.9;14.05400
83.1;13.66400
83.3;13.24900
83.5;12.78700
83.7;12.20000
83.9;11.53500
84.1;10.80000
84.3;10.09500
84.5;9.39550
84.7;8.69840
84.9;7.96190
85.1;7.10790
85.3;6.16390
85.5;5.38640
85.7;4.69580
85.9;3.95340
86.1;3.21520
86.3;2.41360
86.5;1.85590
86.7;1.51470
86.9;1.35710
87.1;1.30240
87.3;1.27460
87.5;1.26060
88.0;1.23370
88.5;1.21030
89.0;1.19030
89.5;1.16820
90.0;1.14600
90.5;1.12820
91.0;1.10900
91.5;1.09240
92.0;1.07000
92.5;1.05160
94.5;0.98535
96.5;0.91947
98.5;0.85973
100.5;0.80377
102.5;0.75455
104.5;0.70859
106.5;0.66410
107.5;0.64689
117.5;0.51305
127.5;0.44082
137.5;0.38181
147.5;0.33042
157.5;0.28673
167.5;0.24664
177.5;0.21105
187.5;0.18073
197.5;0.15340
207.5;0.12858
217.5;0.10808
227.5;0.08866
237.5;0.07265
247.5;0.05812
257.5;0.04772
260.5;0.04513
End:; 
Origin of data [Measured/Computed]:; Measured
Machine/Treatment room:; ptRoom1PBS_RF4_241230
Snout name:; ptRoom1PBS_RF4
Range modulator name:; RF4
Radiation type:; Carbon
Curve type [Depth/X/Y/AbsoluteDosimetry]:; Depth
Medium:; Water
Single spot [Yes/No]:; Yes
Isocenter to snout distance [mm]:; 680
Isocenter to phantom surface distance [mm]:; 150
Detector lateral shape [Quadratic/Circular]:; Quadratic
Detector lateral side/diameter [mm]:; 80
Nominal beam energy [MeV]:; 2475.36
Measured dose curve (Depth [mm] Dose [a.u.]):; 
10.5;5.28780
20.5;5.47580
30.5;5.72020
35.5;5.87710
40.5;6.05950
45.5;6.26920
50.5;6.54300
55.5;6.89280
60.5;7.34380
62.5;7.57620
64.5;7.82580
66.5;8.11210
68.5;8.48520
70.5;8.89370
71.0;9.02240
71.5;9.14900
72.0;9.28920
72.5;9.42120
73.0;9.58000
73.5;9.73370
74.0;9.89790
74.5;10.13900
75.0;10.27500
75.5;10.51000
76.0;10.71000
76.5;10.93000
77.0;11.19000
77.5;11.53400
78.0;11.82200
78.5;12.20100
79.0;12.59800
79.5;13.12200
80.0;13.71200
80.5;14.48800
80.7;14.86400
80.9;15.25300
81.1;15.82800
81.3;16.42400
81.5;17.09700
81.7;17.63100
81.9;17.88800
82.1;17.89800
82.3;17.72700
82.5;17.55600
82.7;17.40200
82.9;17.21100
83.1;17.03400
83.3;16.81800
83.5;16.55000
83.7;16.21200
83.9;15.91100
84.1;15.54500
84.3;15.11200
84.5;14.69100
84.7;14.26300
84.9;13.84200
85.1;13.44400
85.3;13.03600
85.5;12.43000
85.7;11.78700
85.9;11.02800
86.1;10.28200
86.3;9.59270
86.5;8.89500
86.7;8.10080
86.9;7.20820
87.1;6.35220
87.3;5.51110
87.5;4.77270
87.7;4.04900
87.9;3.27870
88.1;2.47560
88.3;1.88640
88.5;1.54650
88.7;1.38700
88.9;1.32570
89.1;1.30240
89.3;1.28750
89.5;1.27610
90.0;1.25370
90.5;1.23010
91.0;1.20910
91.5;1.18790
92.0;1.16850
92.5;1.14810
93.0;1.12950
93.5;1.10890
94.0;1.08980
94.5;1.07290
96.5;1.00330
98.5;0.93933
100.5;0.87894
102.5;0.82426
104.5;0.77287
106.5;0.72590
108.5;0.68314
109.5;0.66466
119.5;0.52758
129.5;0.45268
139.5;0.39478
149.5;0.34215
159.5;0.29663
169.5;0.25635
179.5;0.22090
189.5;0.18972
199.5;0.16163
209.5;0.13659
219.5;0.11393
229.5;0.09526
239.5;0.07855
249.5;0.06392
259.5;0.05214
260.5;0.05126
End:; 
Origin of data [Measured/Computed]:; Measured
Machine/Treatment room:; ptRoom1PBS_RF4_241230
Snout name:; ptRoom1PBS_RF4
Range modulator name:; RF4
Radiation type:; Carbon
Curve type [Depth/X/Y/AbsoluteDosimetry]:; Depth
Medium:; Water
Single spot [Yes/No]:; Yes
Isocenter to snout distance [mm]:; 680
Isocenter to phantom surface distance [mm]:; 150
Detector lateral shape [Quadratic/Circular]:; Quadratic
Detector lateral side/diameter [mm]:; 80
Nominal beam energy [MeV]:; 2506.44
Measured dose curve (Depth [mm] Dose [a.u.]):; 
10.5;5.32440
20.5;5.48860
30.5;5.72980
37.5;5.93380
42.5;6.12660
47.5;6.35130
52.5;6.61270
57.5;6.96140
62.5;7.41240
64.5;7.62930
66.5;7.89450
68.5;8.18660
70.5;8.54580
72.5;8.97160
73.0;9.08300
73.5;9.21560
74.0;9.37130
74.5;9.48580
75.0;9.63280
75.5;9.81760
76.0;9.96190
76.5;10.13700
77.0;10.31800
77.5;10.54100
78.0;10.76000
78.5;10.98300
79.0;11.27500
79.5;11.55100
80.0;11.89600
80.5;12.24000
81.0;12.67000
81.5;13.15600
82.0;13.73800
82.5;14.46900
82.7;14.81200
82.9;15.24300
83.1;15.74300
83.3;16.25400
83.5;17.00700
83.7;17.57300
83.9;17.91300
84.1;18.01500
84.3;17.96100
84.5;17.74100
84.7;17.56900
84.9;17.46400
85.1;17.25900
85.3;17.01300
85.5;16.79400
85.7;16.52400
85.9;16.17900
86.1;15.80900
86.3;15.39800
86.5;14.96700
86.7;14.48700
86.9;14.13600
87.1;13.64000
87.3;13.23800
87.5;12.73200
87.7;12.05300
87.9;11.31400
88.1;10.57000
88.3;9.88330
88.5;9.16250
88.7;8.43890
88.9;7.58020
89.1;6.60510
89.3;5.81440
89.5;5.04470
89.7;4.34390
89.9;3.55120
90.1;2.72730
90.3;2.11130
90.5;1.68920
90.7;1.46930
90.9;1.37710
91.1;1.34200
91.3;1.32010
91.5;1.31510
92.0;1.28330
92.5;1.25920
93.0;1.24460
93.5;1.22000
94.0;1.20360
94.5;1.17750
95.0;1.15930
95.5;1.14210
96.0;1.12450
96.5;1.10310
98.5;1.03720
100.5;0.97108
102.5;0.91194
104.5;0.85628
106.5;0.80054
108.5;0.75484
110.5;0.70977
111.5;0.68945
121.5;0.54575
131.5;0.46972
141.5;0.40938
151.5;0.35706
161.5;0.30999
171.5;0.26958
181.5;0.23294
191.5;0.20080
201.5;0.17226
211.5;0.14633
221.5;0.12394
231.5;0.10358
241.5;0.08575
251.5;0.07051
260.5;0.05862
End:; 
Origin of data [Measured/Computed]:; Measured
Machine/Treatment room:; ptRoom1PBS_RF4_241230
Snout name:; ptRoom1PBS_RF4
Range modulator name:; RF4
Radiation type:; Carbon
Curve type [Depth/X/Y/AbsoluteDosimetry]:; Depth
Medium:; Water
Single spot [Yes/No]:; Yes
Isocenter to snout distance [mm]:; 680
Isocenter to phantom surface distance [mm]:; 150
Detector lateral shape [Quadratic/Circular]:; Quadratic
Detector lateral side/diameter [mm]:; 80
Nominal beam energy [MeV]:; 2537.28
Measured dose curve (Depth [mm] Dose [a.u.]):; 
10.5;5.35010
20.5;5.51760
30.5;5.73790
39.5;6.00320
44.5;6.16680
49.5;6.41460
54.5;6.67020
59.5;7.02370
64.5;7.47570
66.5;7.70300
68.5;7.95120
70.5;8.25300
72.5;8.62190
74.5;9.04690
75.0;9.17270
75.5;9.30270
76.0;9.42230
76.5;9.57090
77.0;9.69710
77.5;9.85290
78.0;10.03300
78.5;10.22000
79.0;10.40700
79.5;10.61100
80.0;10.84700
80.5;11.06600
81.0;11.35600
81.5;11.61700
82.0;11.98000
82.5;12.31600
83.0;12.74100
83.5;13.18300
84.0;13.82600
84.5;14.47000
84.7;14.80400
84.9;15.17200
85.1;15.65600
85.3;16.17500
85.5;16.85200
85.7;17.42700
85.9;17.98400
86.1;18.25800
86.3;18.12500
86.5;18.01600
86.7;17.82800
86.9;17.62200
87.1;17.51800
87.3;17.32000
87.5;16.97800
87.7;16.71200
87.9;16.39900
88.1;16.01700
88.3;15.66000
88.5;15.20500
88.7;14.72300
88.9;14.24500
89.1;13.84400
89.3;13.50700
89.5;12.92100
89.7;12.38400
89.9;11.53400
90.1;10.81800
90.3;10.14200
90.5;9.47410
90.7;8.75500
90.9;7.87200
91.1;7.00590
91.3;6.10270
91.5;5.33190
91.7;4.64530
91.9;3.90790
92.1;3.04470
92.3;2.36610
92.5;1.84680
92.7;1.57860
92.9;1.43970
93.1;1.38170
93.3;1.36110
93.5;1.34630
94.0;1.31770
94.5;1.29720
95.0;1.27380
95.5;1.25530
96.0;1.23350
96.5;1.20990
97.0;1.18970
97.5;1.17050
98.0;1.15270
98.5;1.13880
100.5;1.06600
102.5;1.00100
104.5;0.93901
106.5;0.88543
108.5;0.83016
110.5;0.78021
112.5;0.73704
113.5;0.71606
123.5;0.56677
133.5;0.48613
143.5;0.42546
153.5;0.37097
163.5;0.32466
173.5;0.28205
183.5;0.24551
193.5;0.21213
203.5;0.18252
213.5;0.15593
223.5;0.13192
233.5;0.11084
243.5;0.09268
253.5;0.07661
260.5;0.06664
End:; 
Origin of data [Measured/Computed]:; Measured
Machine/Treatment room:; ptRoom1PBS_RF4_241230
Snout name:; ptRoom1PBS_RF4
Range modulator name:; RF4
Radiation type:; Carbon
Curve type [Depth/X/Y/AbsoluteDosimetry]:; Depth
Medium:; Water
Single spot [Yes/No]:; Yes
Isocenter to snout distance [mm]:; 680
Isocenter to phantom surface distance [mm]:; 150
Detector lateral shape [Quadratic/Circular]:; Quadratic
Detector lateral side/diameter [mm]:; 80
Nominal beam energy [MeV]:; 2567.76
Measured dose curve (Depth [mm] Dose [a.u.]):; 
10.5;5.29600
20.5;5.45690
30.5;5.67310
40.5;5.95210
41.5;5.98310
46.5;6.16440
51.5;6.38640
56.5;6.65800
61.5;6.99590
66.5;7.47770
68.5;7.69430
70.5;7.95300
72.5;8.26050
74.5;8.62520
76.5;9.06050
77.0;9.18990
77.5;9.29520
78.0;9.43270
78.5;9.58320
79.0;9.73210
79.5;9.89080
80.0;10.04200
80.5;10.23500
81.0;10.42900
81.5;10.64000
82.0;10.88500
82.5;11.12400
83.0;11.38200
83.5;11.66200
84.0;12.03200
84.5;12.39500
85.0;12.81300
85.5;13.29200
86.0;13.91000
86.5;14.70800
86.7;15.08500
86.9;15.55900
87.1;16.08100
87.3;16.67500
87.5;17.37500
87.7;17.82600
87.9;18.03400
88.1;17.95400
88.3;17.79800
88.5;17.60700
88.7;17.49200
88.9;17.28100
89.1;17.13400
89.3;16.86500
89.5;16.59800
89.7;16.26400
89.9;15.93100
90.1;15.54700
90.3;15.15800
90.5;14.68400
90.7;14.22300
90.9;13.87100
91.1;13.40900
91.3;12.97200
91.5;12.33200
91.7;11.67800
91.9;10.94700
92.1;10.21100
92.3;9.51880
92.5;8.74560
92.7;7.90100
92.9;7.01350
93.1;6.13780
93.3;5.38510
93.5;4.65770
93.7;3.92990
93.9;3.08570
94.1;2.40420
94.3;1.85620
94.5;1.57740
94.7;1.45880
94.9;1.39150
95.1;1.36930
95.3;1.35470
95.5;1.34410
96.0;1.32360
96.5;1.29850
97.0;1.27640
97.5;1.25910
98.0;1.23770
98.5;1.22130
99.0;1.19410
99.5;1.17710
100.0;1.16050
100.5;1.14160
102.5;1.07490
104.5;1.00830
106.5;0.94765
108.5;0.89484
110.5;0.83941
112.5;0.78994
114.5;0.74673
115.5;0.72409
125.5;0.57435
135.5;0.49213
145.5;0.43214
155.5;0.37822
165.5;0.33182
175.5;0.28909
185.5;0.25195
195.5;0.21804
205.5;0.18856
215.5;0.16134
225.5;0.13750
235.5;0.11638
245.5;0.09751
255.5;0.08143
260.5;0.07346
End:; 
Origin of data [Measured/Computed]:; Measured
Machine/Treatment room:; ptRoom1PBS_RF4_241230
Snout name:; ptRoom1PBS_RF4
Range modulator name:; RF4
Radiation type:; Carbon
Curve type [Depth/X/Y/AbsoluteDosimetry]:; Depth
Medium:; Water
Single spot [Yes/No]:; Yes
Isocenter to snout distance [mm]:; 680
Isocenter to phantom surface distance [mm]:; 150
Detector lateral shape [Quadratic/Circular]:; Quadratic
Detector lateral side/diameter [mm]:; 80
Nominal beam energy [MeV]:; 2598
Measured dose curve (Depth [mm] Dose [a.u.]):; 
10.5;5.25880
20.5;5.40850
30.5;5.61510
40.5;5.89850
43.5;5.96290
48.5;6.14490
53.5;6.35740
58.5;6.62660
63.5;7.00310
68.5;7.45250
70.5;7.67720
72.5;7.90450
74.5;8.22850
76.5;8.57790
78.5;9.01100
79.0;9.13520
79.5;9.25120
80.0;9.39610
80.5;9.50790
81.0;9.69260
81.5;9.85150
82.0;10.04800
82.5;10.16400
83.0;10.34500
83.5;10.59600
84.0;10.77600
84.5;11.04600
85.0;11.30900
85.5;11.60900
86.0;11.91400
86.5;12.27200
87.0;12.66100
87.5;13.17500
88.0;13.75300
88.5;14.48700
88.7;14.85800
88.9;15.31400
89.1;15.83000
89.3;16.43900
89.5;17.02200
89.7;17.62600
89.9;17.91900
90.1;17.89000
90.3;17.81000
90.5;17.60700
90.7;17.44200
90.9;17.21800
91.1;17.12400
91.3;16.82600
91.5;16.57600
91.7;16.36300
91.9;15.99300
92.1;15.62300
92.3;15.10400
92.5;14.69300
92.7;14.24800
92.9;13.78100
93.1;13.38500
93.3;12.93600
93.5;12.43100
93.7;11.74400
93.9;11.04700
94.1;10.35400
94.3;9.55960
94.5;8.82230
94.7;8.17740
94.9;7.34740
95.1;6.45970
95.3;5.57150
95.5;4.83070
95.7;4.13690
95.9;3.33180
96.1;2.62020
96.3;2.04960
96.5;1.68000
96.7;1.49370
96.9;1.41390
97.1;1.36630
97.3;1.35920
97.5;1.35110
98.0;1.33780
98.5;1.31430
99.0;1.28970
99.5;1.26970
100.0;1.24900
100.5;1.23240
101.0;1.21060
101.5;1.19600
102.0;1.17460
102.5;1.15750
104.5;1.09040
106.5;1.02610
108.5;0.96627
110.5;0.90969
112.5;0.85738
114.5;0.80877
116.5;0.76281
117.5;0.74199
127.5;0.58592
137.5;0.50228
147.5;0.44211
157.5;0.38838
167.5;0.34212
177.5;0.29918
187.5;0.26072
197.5;0.22712
207.5;0.19674
217.5;0.16903
227.5;0.14487
237.5;0.12326
247.5;0.10407
257.5;0.08678
260.5;0.08226
End:; 
Origin of data [Measured/Computed]:; Measured
Machine/Treatment room:; ptRoom1PBS_RF4_241230
Snout name:; ptRoom1PBS_RF4
Range modulator name:; RF4
Radiation type:; Carbon
Curve type [Depth/X/Y/AbsoluteDosimetry]:; Depth
Medium:; Water
Single spot [Yes/No]:; Yes
Isocenter to snout distance [mm]:; 680
Isocenter to phantom surface distance [mm]:; 150
Detector lateral shape [Quadratic/Circular]:; Quadratic
Detector lateral side/diameter [mm]:; 80
Nominal beam energy [MeV]:; 2628
Measured dose curve (Depth [mm] Dose [a.u.]):; 
10.5;5.30310
20.5;5.44900
30.5;5.64360
40.5;5.89370
45.5;6.04990
50.5;6.22620
55.5;6.45030
60.5;6.72360
65.5;7.07350
70.5;7.54900
72.5;7.77040
74.5;8.03890
76.5;8.34820
78.5;8.73020
80.5;9.17630
81.0;9.29820
81.5;9.41250
82.0;9.55670
82.5;9.69600
83.0;9.84000
83.5;10.00400
84.0;10.17300
84.5;10.36800
85.0;10.56200
85.5;10.78600
86.0;11.01100
86.5;11.25000
87.0;11.51400
87.5;11.85000
88.0;12.18000
88.5;12.57500
89.0;13.02100
89.5;13.56100
90.0;14.21900
90.5;15.07500
90.7;15.49300
90.9;16.04300
91.1;16.69600
91.3;17.34200
91.5;17.82700
91.7;18.07500
91.9;18.08000
92.1;17.96400
92.3;17.77300
92.5;17.57600
92.7;17.42500
92.9;17.22700
93.1;17.00300
93.3;16.72500
93.5;16.39300
93.7;16.05300
93.9;15.66200
94.1;15.26400
94.3;14.82600
94.5;14.35500
94.7;13.93400
94.9;13.53600
95.1;13.04400
95.3;12.50200
95.5;11.76000
95.7;11.07100
95.9;10.33400
96.1;9.60960
96.3;8.92200
96.5;8.07200
96.7;7.23060
96.9;6.33130
97.1;5.54680
97.3;4.81080
97.5;4.07800
97.7;3.26700
97.9;2.56190
98.1;1.99830
98.3;1.67440
98.5;1.51840
98.7;1.44570
98.9;1.41770
99.1;1.40250
99.3;1.39090
99.5;1.38120
100.0;1.35940
100.5;1.33570
101.0;1.31630
101.5;1.29400
102.0;1.27410
102.5;1.25390
103.0;1.23610
103.5;1.21810
104.0;1.19970
104.5;1.18030
106.5;1.11320
108.5;1.04900
110.5;0.98895
112.5;0.93188
114.5;0.87985
116.5;0.83113
118.5;0.78373
119.5;0.76200
129.5;0.60299
139.5;0.51740
149.5;0.45581
159.5;0.40149
169.5;0.35294
179.5;0.31013
189.5;0.27134
199.5;0.23686
209.5;0.20584
219.5;0.17815
229.5;0.15283
239.5;0.13056
249.5;0.11056
259.5;0.09301
260.5;0.09117
End:; 
Origin of data [Measured/Computed]:; Measured
Machine/Treatment room:; ptRoom1PBS_RF4_241230
Snout name:; ptRoom1PBS_RF4
Range modulator name:; RF4
Radiation type:; Carbon
Curve type [Depth/X/Y/AbsoluteDosimetry]:; Depth
Medium:; Water
Single spot [Yes/No]:; Yes
Isocenter to snout distance [mm]:; 680
Isocenter to phantom surface distance [mm]:; 150
Detector lateral shape [Quadratic/Circular]:; Quadratic
Detector lateral side/diameter [mm]:; 80
Nominal beam energy [MeV]:; 2657.76
Measured dose curve (Depth [mm] Dose [a.u.]):; 
10.5;5.27790
20.5;5.39880
30.5;5.58880
40.5;5.83030
47.5;6.03200
52.5;6.21690
57.5;6.43750
62.5;6.73800
67.5;7.06230
72.5;7.53290
74.5;7.77230
76.5;8.02510
78.5;8.35430
80.5;8.70200
82.5;9.13500
83.0;9.28970
83.5;9.39410
84.0;9.53890
84.5;9.69220
85.0;9.83630
85.5;10.00000
86.0;10.16500
86.5;10.34400
87.0;10.56700
87.5;10.73100
88.0;10.97700
88.5;11.20800
89.0;11.47300
89.5;11.82700
90.0;12.10900
90.5;12.51100
91.0;12.94900
91.5;13.53300
92.0;14.13100
92.5;14.94200
92.7;15.35600
92.9;15.88300
93.1;16.48400
93.3;17.09400
93.5;17.66200
93.7;17.99700
93.9;18.02800
94.1;17.96900
94.3;17.71500
94.5;17.63500
94.7;17.48200
94.9;17.23200
95.1;17.03300
95.3;16.76600
95.5;16.54400
95.7;16.20900
95.9;15.84400
96.1;15.34500
96.3;14.91800
96.5;14.52400
96.7;14.03300
96.9;13.63300
97.1;13.28700
97.3;12.71500
97.5;12.06000
97.7;11.33700
97.9;10.59600
98.1;9.85260
98.3;9.16140
98.5;8.38900
98.7;7.50180
98.9;6.67200
99.1;5.77560
99.3;5.07410
99.5;4.29490
99.7;3.49760
99.9;2.79960
100.1;2.15520
100.3;1.77390
100.5;1.56470
100.7;1.48170
100.9;1.44600
101.1;1.42970
101.3;1.42000
101.5;1.40640
102.0;1.38340
102.5;1.36120
103.0;1.33970
103.5;1.31870
104.0;1.29940
104.5;1.27900
105.0;1.26150
105.5;1.24280
106.0;1.22140
106.5;1.20610
108.5;1.13460
110.5;1.07270
112.5;1.01140
114.5;0.95591
116.5;0.90359
118.5;0.85171
120.5;0.80489
121.5;0.78232
131.5;0.61885
141.5;0.53101
151.5;0.46928
161.5;0.41397
171.5;0.36501
181.5;0.32099
191.5;0.28227
201.5;0.24798
211.5;0.21516
221.5;0.18662
231.5;0.16092
241.5;0.13828
251.5;0.11774
261.5;0.09895
271.5;0.08341
281.5;0.06936
291.5;0.05730
301.5;0.04768
311.5;0.03942
321.5;0.03291
331.5;0.02820
341.5;0.02358
351.5;0.02064
360.5;0.01804
End:; 
Origin of data [Measured/Computed]:; Measured
Machine/Treatment room:; ptRoom1PBS_RF4_241230
Snout name:; ptRoom1PBS_RF4
Range modulator name:; RF4
Radiation type:; Carbon
Curve type [Depth/X/Y/AbsoluteDosimetry]:; Depth
Medium:; Water
Single spot [Yes/No]:; Yes
Isocenter to snout distance [mm]:; 680
Isocenter to phantom surface distance [mm]:; 150
Detector lateral shape [Quadratic/Circular]:; Quadratic
Detector lateral side/diameter [mm]:; 80
Nominal beam energy [MeV]:; 2687.28
Measured dose curve (Depth [mm] Dose [a.u.]):; 
10.5;5.33090
20.5;5.47410
30.5;5.63650
40.5;5.86620
49.5;6.11580
54.5;6.29900
59.5;6.52450
64.5;6.81820
69.5;7.16340
74.5;7.63270
76.5;7.85560
78.5;8.12360
80.5;8.45390
82.5;8.80540
84.5;9.27640
85.0;9.38800
85.5;9.49090
86.0;9.63750
86.5;9.78800
87.0;9.94260
87.5;10.09300
88.0;10.27300
88.5;10.45100
89.0;10.64600
89.5;10.85400
90.0;11.08800
90.5;11.32600
91.0;11.60600
91.5;11.88700
92.0;12.23200
92.5;12.63900
93.0;13.05700
93.5;13.58700
94.0;14.21500
94.5;15.05700
94.7;15.47500
94.9;15.96500
95.1;16.52900
95.3;17.15600
95.5;17.67800
95.7;18.10100
95.9;18.21300
96.1;18.14400
96.3;17.98800
96.5;17.78000
96.7;17.60300
96.9;17.43100
97.1;17.23400
97.3;16.97600
97.5;16.68500
97.7;16.38500
97.9;16.00500
98.1;15.58200
98.3;15.13600
98.5;14.65500
98.7;14.21600
98.9;13.85700
99.1;13.33200
99.3;12.82200
99.5;12.26900
99.7;11.47300
99.9;10.71900
100.1;10.03500
100.3;9.27410
100.5;8.56880
100.7;7.67110
100.9;6.80010
101.1;5.97500
101.3;5.18840
101.5;4.45920
101.7;3.67170
101.9;2.94160
102.1;2.30420
102.3;1.88130
102.5;1.64510
102.7;1.53810
102.9;1.48980
103.1;1.46680
103.3;1.45320
103.5;1.44000
104.0;1.41830
104.5;1.39360
105.0;1.37300
105.5;1.35220
106.0;1.33130
106.5;1.31130
107.0;1.29340
107.5;1.27540
108.0;1.25460
108.5;1.23910
110.5;1.16730
112.5;1.10390
114.5;1.04650
116.5;0.98851
118.5;0.93040
120.5;0.88385
122.5;0.83349
123.5;0.81048
133.5;0.64063
143.5;0.54836
153.5;0.48753
163.5;0.42897
173.5;0.38009
183.5;0.33652
193.5;0.29532
203.5;0.26003
213.5;0.22667
223.5;0.19745
233.5;0.17089
243.5;0.14688
253.5;0.12602
263.5;0.10642
273.5;0.08931
283.5;0.07543
293.5;0.06218
303.5;0.05199
313.5;0.04324
323.5;0.03581
333.5;0.03049
343.5;0.02600
353.5;0.02195
360.5;0.02034
End:; 
Origin of data [Measured/Computed]:; Measured
Machine/Treatment room:; ptRoom1PBS_RF4_241230
Snout name:; ptRoom1PBS_RF4
Range modulator name:; RF4
Radiation type:; Carbon
Curve type [Depth/X/Y/AbsoluteDosimetry]:; Depth
Medium:; Water
Single spot [Yes/No]:; Yes
Isocenter to snout distance [mm]:; 680
Isocenter to phantom surface distance [mm]:; 150
Detector lateral shape [Quadratic/Circular]:; Quadratic
Detector lateral side/diameter [mm]:; 80
Nominal beam energy [MeV]:; 2716.44
Measured dose curve (Depth [mm] Dose [a.u.]):; 
10.5;5.34420
20.5;5.47790
30.5;5.65840
40.5;5.85210
50.5;6.15590
51.5;6.16960
56.5;6.37390
61.5;6.57590
66.5;6.87260
71.5;7.22540
76.5;7.67910
78.5;7.91950
80.5;8.20720
82.5;8.49360
84.5;8.85800
86.5;9.28930
87.0;9.42650
87.5;9.59050
88.0;9.69310
88.5;9.84830
89.0;10.02500
89.5;10.15200
90.0;10.32000
90.5;10.55800
91.0;10.68300
91.5;10.94100
92.0;11.13300
92.5;11.38300
93.0;11.63700
93.5;11.93600
94.0;12.27800
94.5;12.64300
95.0;13.15500
95.5;13.60200
96.0;14.19700
96.5;15.06800
96.7;15.36900
96.9;15.84600
97.1;16.40200
97.3;17.00600
97.5;17.57100
97.7;18.05800
97.9;18.17500
98.1;18.22600
98.3;18.00200
98.5;17.85000
98.7;17.79700
98.9;17.54900
99.1;17.44000
99.3;17.10000
99.5;16.85600
99.7;16.54400
99.9;16.28200
100.1;15.78000
100.3;15.41200
100.5;14.88600
100.7;14.44900
100.9;14.10100
101.1;13.66400
101.3;13.08100
101.5;12.60100
101.7;11.79600
101.9;11.06100
102.1;10.37200
102.3;9.64830
102.5;8.86080
102.7;8.04990
102.9;7.16170
103.1;6.35380
103.3;5.59010
103.5;4.74880
103.7;3.99230
103.9;3.19540
104.1;2.53760
104.3;2.04530
104.5;1.72670
104.7;1.58940
104.9;1.52450
105.1;1.49940
105.3;1.48420
105.5;1.47490
106.0;1.44780
106.5;1.42930
107.0;1.40810
107.5;1.38820
108.0;1.37180
108.5;1.34520
109.0;1.32260
109.5;1.30050
110.0;1.28360
110.5;1.26510
112.5;1.19400
114.5;1.13130
116.5;1.06940
118.5;1.01110
120.5;0.95643
122.5;0.90565
124.5;0.85949
125.5;0.83595
135.5;0.66410
145.5;0.56397
155.5;0.50000
165.5;0.44505
175.5;0.39311
185.5;0.34740
195.5;0.30724
205.5;0.27018
215.5;0.23743
225.5;0.20746
235.5;0.18005
245.5;0.15567
255.5;0.13392
265.5;0.11411
275.5;0.09646
285.5;0.08117
295.5;0.06790
305.5;0.05664
315.5;0.04694
325.5;0.03934
335.5;0.03298
345.5;0.02767
355.5;0.02398
360.5;0.02258
End:; 
Origin of data [Measured/Computed]:; Measured
Machine/Treatment room:; ptRoom1PBS_RF4_241230
Snout name:; ptRoom1PBS_RF4
Range modulator name:; RF4
Radiation type:; Carbon
Curve type [Depth/X/Y/AbsoluteDosimetry]:; Depth
Medium:; Water
Single spot [Yes/No]:; Yes
Isocenter to snout distance [mm]:; 680
Isocenter to phantom surface distance [mm]:; 150
Detector lateral shape [Quadratic/Circular]:; Quadratic
Detector lateral side/diameter [mm]:; 80
Nominal beam energy [MeV]:; 2745.48
Measured dose curve (Depth [mm] Dose [a.u.]):; 
10.5;5.32440
20.5;5.45640
30.5;5.62380
40.5;5.79950
50.5;6.07140
53.5;6.18910
58.5;6.36110
63.5;6.59530
68.5;6.86560
73.5;7.22380
78.5;7.71450
80.5;7.93770
82.5;8.20860
84.5;8.52530
86.5;8.90560
88.5;9.34550
89.0;9.45350
89.5;9.58170
90.0;9.74970
90.5;9.86810
91.0;10.03100
91.5;10.20300
92.0;10.36700
92.5;10.55800
93.0;10.73900
93.5;10.94900
94.0;11.21400
94.5;11.43300
95.0;11.70400
95.5;12.04400
96.0;12.39100
96.5;12.77500
97.0;13.24400
97.5;13.79800
98.0;14.55300
98.5;15.48900
98.7;15.90100
98.9;16.52800
99.1;17.17100
99.3;17.64400
99.5;17.99900
99.7;18.14300
99.9;18.12100
100.1;17.97100
100.3;17.82600
100.5;17.64600
100.7;17.43900
100.9;17.25400
101.1;16.98600
101.3;16.69200
101.5;16.41600
101.7;16.03000
101.9;15.60500
102.1;15.15600
102.3;14.72600
102.5;14.27100
102.7;13.88800
102.9;13.41600
103.1;12.92700
103.3;12.30100
103.5;11.58800
103.7;10.88000
103.9;10.09400
104.1;9.40890
104.3;8.60470
104.5;7.76260
104.7;6.94440
104.9;6.09440
105.1;5.30580
105.3;4.57090
105.5;3.79900
105.7;3.04060
105.9;2.37870
106.1;1.93180
106.3;1.69150
106.5;1.57280
106.7;1.52720
106.9;1.50670
107.1;1.48760
107.3;1.47910
107.5;1.46740
108.0;1.44460
108.5;1.42180
109.0;1.40010
109.5;1.38060
110.0;1.35860
110.5;1.34200
111.0;1.32870
111.5;1.30730
112.0;1.28670
112.5;1.26690
114.5;1.21290
116.5;1.13500
118.5;1.07560
120.5;1.01870
122.5;0.96439
124.5;0.91463
126.5;0.86990
127.5;0.84598
137.5;0.66801
147.5;0.57058
157.5;0.50657
167.5;0.44986
177.5;0.39939
187.5;0.35416
197.5;0.31290
207.5;0.27664
217.5;0.24365
227.5;0.21407
237.5;0.18627
247.5;0.16148
257.5;0.13933
267.5;0.11922
277.5;0.10082
287.5;0.08524
297.5;0.07116
307.5;0.05945
317.5;0.04973
327.5;0.04161
337.5;0.03493
347.5;0.02977
357.5;0.02564
360.5;0.02421
End:; 
Origin of data [Measured/Computed]:; Measured
Machine/Treatment room:; ptRoom1PBS_RF4_241230
Snout name:; ptRoom1PBS_RF4
Range modulator name:; RF4
Radiation type:; Carbon
Curve type [Depth/X/Y/AbsoluteDosimetry]:; Depth
Medium:; Water
Single spot [Yes/No]:; Yes
Isocenter to snout distance [mm]:; 680
Isocenter to phantom surface distance [mm]:; 150
Detector lateral shape [Quadratic/Circular]:; Quadratic
Detector lateral side/diameter [mm]:; 80
Nominal beam energy [MeV]:; 2774.28
Measured dose curve (Depth [mm] Dose [a.u.]):; 
10.5;5.34980
20.5;5.46800
30.5;5.62450
40.5;5.81090
50.5;6.06230
55.5;6.21140
60.5;6.40680
65.5;6.64090
70.5;6.92440
75.5;7.27080
80.5;7.77190
82.5;7.97950
84.5;8.24840
86.5;8.57030
88.5;8.95200
90.5;9.38900
91.0;9.51640
91.5;9.65230
92.0;9.79630
92.5;9.94220
93.0;10.09100
93.5;10.24000
94.0;10.41300
94.5;10.61600
95.0;10.81800
95.5;11.05100
96.0;11.29300
96.5;11.54100
97.0;11.80900
97.5;12.11500
98.0;12.43500
98.5;12.85100
99.0;13.30100
99.5;13.88000
100.0;14.56400
100.5;15.44600
100.7;15.97300
100.9;16.49900
101.1;17.03800
101.3;17.68400
101.5;18.07900
101.7;18.22100
101.9;18.15200
102.1;18.01200
102.3;17.88400
102.5;17.69000
102.7;17.52800
102.9;17.39300
103.1;17.06000
103.3;16.82100
103.5;16.48100
103.7;16.12100
103.9;15.72900
104.1;15.35400
104.3;14.88700
104.5;14.46300
104.7;13.93300
104.9;13.50800
105.1;13.04300
105.3;12.39000
105.5;11.69700
105.7;10.92600
105.9;10.19600
106.1;9.47550
106.3;8.76370
106.5;7.84720
106.7;6.97200
106.9;6.12720
107.1;5.40630
107.3;4.65090
107.5;3.88320
107.7;3.17520
107.9;2.48260
108.1;2.02790
108.3;1.74890
108.5;1.61760
108.7;1.55900
108.9;1.53290
109.1;1.52100
109.3;1.51200
109.5;1.49880
110.0;1.47540
110.5;1.45200
111.0;1.43260
111.5;1.41260
112.0;1.39120
112.5;1.37140
113.0;1.35620
113.5;1.33450
114.0;1.31340
114.5;1.29790
116.5;1.22950
118.5;1.16490
120.5;1.10160
122.5;1.04820
124.5;0.99326
126.5;0.93874
128.5;0.88983
129.5;0.87259
139.5;0.68806
149.5;0.58899
159.5;0.52028
169.5;0.46306
179.5;0.41302
189.5;0.36711
199.5;0.32511
209.5;0.28799
219.5;0.25372
229.5;0.22307
239.5;0.19504
249.5;0.17024
259.5;0.14711
269.5;0.12671
279.5;0.10784
289.5;0.09150
299.5;0.07706
309.5;0.06460
319.5;0.05376
329.5;0.04515
339.5;0.03784
349.5;0.03247
359.5;0.02756
360.5;0.02710
End:; 
Origin of data [Measured/Computed]:; Measured
Machine/Treatment room:; ptRoom1PBS_RF4_241230
Snout name:; ptRoom1PBS_RF4
Range modulator name:; RF4
Radiation type:; Carbon
Curve type [Depth/X/Y/AbsoluteDosimetry]:; Depth
Medium:; Water
Single spot [Yes/No]:; Yes
Isocenter to snout distance [mm]:; 680
Isocenter to phantom surface distance [mm]:; 150
Detector lateral shape [Quadratic/Circular]:; Quadratic
Detector lateral side/diameter [mm]:; 80
Nominal beam energy [MeV]:; 2802.96
Measured dose curve (Depth [mm] Dose [a.u.]):; 
10.5;5.34620
20.5;5.46060
30.5;5.62170
40.5;5.78130
50.5;6.01620
57.5;6.23860
62.5;6.42680
67.5;6.64430
72.5;6.93810
77.5;7.29150
82.5;7.75900
84.5;8.02560
86.5;8.28050
88.5;8.57470
90.5;8.95380
92.5;9.42340
93.0;9.53410
93.5;9.68170
94.0;9.78500
94.5;9.96090
95.0;10.08800
95.5;10.27500
96.0;10.44400
96.5;10.58500
97.0;10.79000
97.5;10.99400
98.0;11.24600
98.5;11.53900
99.0;11.74600
99.5;12.07700
100.0;12.46500
100.5;12.80700
101.0;13.25700
101.5;13.79400
102.0;14.53600
102.5;15.45100
102.7;15.81200
102.9;16.38000
103.1;16.96100
103.3;17.44900
103.5;17.89100
103.7;18.12000
103.9;18.10600
104.1;17.99200
104.3;17.97500
104.5;17.82100
104.7;17.58300
104.9;17.35300
105.1;17.23800
105.3;16.96500
105.5;16.59400
105.7;16.16300
105.9;15.76600
106.1;15.45500
106.3;14.91100
106.5;14.49100
106.7;14.06900
106.9;13.63400
107.1;13.14500
107.3;12.57100
107.5;11.94600
107.7;11.11200
107.9;10.39700
108.1;9.73270
108.3;8.90620
108.5;8.12670
108.7;7.24450
108.9;6.43720
109.1;5.56520
109.3;4.84440
109.5;4.09650
109.7;3.32760
109.9;2.62160
110.1;2.13830
110.3;1.82720
110.5;1.66770
110.7;1.59210
110.9;1.55740
111.1;1.54180
111.3;1.53280
111.5;1.52070
112.0;1.49510
112.5;1.48110
113.0;1.46040
113.5;1.43310
114.0;1.41960
114.5;1.39280
115.0;1.38140
115.5;1.35450
116.0;1.33700
116.5;1.31960
118.5;1.25290
120.5;1.18710
122.5;1.12760
124.5;1.06780
126.5;1.01320
128.5;0.96380
130.5;0.91314
131.5;0.89263
141.5;0.70697
151.5;0.60049
161.5;0.53251
171.5;0.47609
181.5;0.42463
191.5;0.37844
201.5;0.33701
211.5;0.29871
221.5;0.26377
231.5;0.23290
241.5;0.20389
251.5;0.17836
261.5;0.15479
271.5;0.13394
281.5;0.11454
291.5;0.09771
301.5;0.08274
311.5;0.06963
321.5;0.05780
331.5;0.04878
341.5;0.04082
351.5;0.03478
360.5;0.03008
End:; 
Origin of data [Measured/Computed]:; Measured
Machine/Treatment room:; ptRoom1PBS_RF4_241230
Snout name:; ptRoom1PBS_RF4
Range modulator name:; RF4
Radiation type:; Carbon
Curve type [Depth/X/Y/AbsoluteDosimetry]:; Depth
Medium:; Water
Single spot [Yes/No]:; Yes
Isocenter to snout distance [mm]:; 680
Isocenter to phantom surface distance [mm]:; 150
Detector lateral shape [Quadratic/Circular]:; Quadratic
Detector lateral side/diameter [mm]:; 80
Nominal beam energy [MeV]:; 2831.28
Measured dose curve (Depth [mm] Dose [a.u.]):; 
10.5;5.34030
20.5;5.44780
30.5;5.58290
40.5;5.74810
50.5;5.95960
59.5;6.22850
64.5;6.41410
69.5;6.63500
74.5;6.93570
79.5;7.29340
84.5;7.76260
86.5;7.98560
88.5;8.25220
90.5;8.58130
92.5;8.96050
94.5;9.42470
95.0;9.55470
95.5;9.64690
96.0;9.79790
96.5;9.92260
97.0;10.12100
97.5;10.23300
98.0;10.42000
98.5;10.61800
99.0;10.80200
99.5;11.01100
100.0;11.24300
100.5;11.47900
101.0;11.75100
101.5;12.03000
102.0;12.38500
102.5;12.76000
103.0;13.22900
103.5;13.77700
104.0;14.41400
104.5;15.29300
104.7;15.74000
104.9;16.22700
105.1;16.80800
105.3;17.40700
105.5;17.82100
105.7;18.07500
105.9;18.16800
106.1;18.01800
106.3;17.89300
106.5;17.71800
106.7;17.53300
106.9;17.31100
107.1;17.09800
107.3;16.85000
107.5;16.52900
107.7;16.13200
107.9;15.79400
108.1;15.30800
108.3;14.86800
108.5;14.46100
108.7;13.99600
108.9;13.57800
109.1;13.03900
109.3;12.49200
109.5;11.83500
109.7;11.12000
109.9;10.36700
110.1;9.64690
110.3;8.89710
110.5;8.11780
110.7;7.30120
110.9;6.48000
111.1;5.67930
111.3;4.92540
111.5;4.18370
111.7;3.48490
111.9;2.76160
112.1;2.24400
112.3;1.91280
112.5;1.71380
112.7;1.62080
112.9;1.58220
113.1;1.56150
113.3;1.55150
113.5;1.53980
114.0;1.51390
114.5;1.49170
115.0;1.47220
115.5;1.44880
116.0;1.43420
116.5;1.41590
117.0;1.39280
117.5;1.37340
118.0;1.35440
118.5;1.33770
120.5;1.26830
122.5;1.20430
124.5;1.14620
126.5;1.08500
128.5;1.03250
130.5;0.98036
132.5;0.93003
133.5;0.90857
143.5;0.71917
153.5;0.61248
163.5;0.54357
173.5;0.48739
183.5;0.43449
193.5;0.38919
203.5;0.34536
213.5;0.30742
223.5;0.27273
233.5;0.24012
243.5;0.21131
253.5;0.18532
263.5;0.16091
273.5;0.13993
283.5;0.12135
293.5;0.10373
303.5;0.08774
313.5;0.07483
323.5;0.06231
333.5;0.05194
343.5;0.04403
353.5;0.03736
360.5;0.03354
End:; 
Origin of data [Measured/Computed]:; Measured
Machine/Treatment room:; ptRoom1PBS_RF4_241230
Snout name:; ptRoom1PBS_RF4
Range modulator name:; RF4
Radiation type:; Carbon
Curve type [Depth/X/Y/AbsoluteDosimetry]:; Depth
Medium:; Water
Single spot [Yes/No]:; Yes
Isocenter to snout distance [mm]:; 680
Isocenter to phantom surface distance [mm]:; 150
Detector lateral shape [Quadratic/Circular]:; Quadratic
Detector lateral side/diameter [mm]:; 80
Nominal beam energy [MeV]:; 2859.48
Measured dose curve (Depth [mm] Dose [a.u.]):; 
10.5;5.31220
20.5;5.39190
30.5;5.52380
40.5;5.70010
50.5;5.90200
60.5;6.18910
61.5;6.23290
66.5;6.39830
71.5;6.62030
76.5;6.89510
81.5;7.25580
86.5;7.73990
88.5;7.99430
90.5;8.27320
92.5;8.58250
94.5;8.95950
96.5;9.42370
97.0;9.51450
97.5;9.64920
98.0;9.77560
98.5;9.91160
99.0;10.08000
99.5;10.24800
100.0;10.44400
100.5;10.62100
101.0;10.85000
101.5;11.00400
102.0;11.24600
102.5;11.53900
103.0;11.78500
103.5;12.10600
104.0;12.46100
104.5;12.96500
105.0;13.42400
105.5;13.92400
106.0;14.80700
106.5;15.77700
106.7;16.37300
106.9;16.92700
107.1;17.36900
107.3;17.78300
107.5;17.97000
107.7;17.97400
107.9;17.76200
108.1;17.72300
108.3;17.45200
108.5;17.31800
108.7;17.07800
108.9;16.95500
109.1;16.62000
109.3;16.27100
109.5;15.94000
109.7;15.55500
109.9;15.09400
110.1;14.69700
110.3;14.34500
110.5;13.79400
110.7;13.38500
110.9;12.94400
111.1;12.33100
111.3;11.69100
111.5;10.98900
111.7;10.25600
111.9;9.51620
112.1;8.73930
112.3;7.99360
112.5;7.14910
112.7;6.24870
112.9;5.46350
113.1;4.78840
113.3;4.00200
113.5;3.24870
113.7;2.60040
113.9;2.12460
114.1;1.82690
114.3;1.68220
114.5;1.60610
114.7;1.58050
114.9;1.56680
115.1;1.54700
115.3;1.53490
115.5;1.52980
116.0;1.50280
116.5;1.48310
117.0;1.46570
117.5;1.44580
118.0;1.42060
118.5;1.40290
119.0;1.38750
119.5;1.36930
120.0;1.34850
120.5;1.34120
122.5;1.27510
124.5;1.20840
126.5;1.14320
128.5;1.08660
130.5;1.03970
132.5;0.98097
134.5;0.93344
135.5;0.91505
145.5;0.72669
155.5;0.61562
165.5;0.54741
175.5;0.49402
185.5;0.43912
195.5;0.39197
205.5;0.34952
215.5;0.31116
225.5;0.27632
235.5;0.24515
245.5;0.21571
255.5;0.19036
265.5;0.16707
275.5;0.14494
285.5;0.12523
295.5;0.10720
305.5;0.09134
315.5;0.07754
325.5;0.06501
335.5;0.05462
345.5;0.04644
355.5;0.03916
360.5;0.03616
End:; 
Origin of data [Measured/Computed]:; Measured
Machine/Treatment room:; ptRoom1PBS_RF4_241230
Snout name:; ptRoom1PBS_RF4
Range modulator name:; RF4
Radiation type:; Carbon
Curve type [Depth/X/Y/AbsoluteDosimetry]:; Depth
Medium:; Water
Single spot [Yes/No]:; Yes
Isocenter to snout distance [mm]:; 680
Isocenter to phantom surface distance [mm]:; 150
Detector lateral shape [Quadratic/Circular]:; Quadratic
Detector lateral side/diameter [mm]:; 80
Nominal beam energy [MeV]:; 2887.56
Measured dose curve (Depth [mm] Dose [a.u.]):; 
10.5;5.29140
20.5;5.36730
30.5;5.49640
40.5;5.63770
50.5;5.84470
60.5;6.10360
63.5;6.20940
68.5;6.40130
73.5;6.59760
78.5;6.88710
83.5;7.27150
88.5;7.75130
90.5;7.98340
92.5;8.27140
94.5;8.56840
96.5;8.92640
98.5;9.37740
99.0;9.51390
99.5;9.60840
100.0;9.74220
100.5;9.90590
101.0;10.03500
101.5;10.24400
102.0;10.41600
102.5;10.55500
103.0;10.75300
103.5;10.98300
104.0;11.17300
104.5;11.43800
105.0;11.71000
105.5;11.99600
106.0;12.36800
106.5;12.77200
107.0;13.25600
107.5;13.87000
108.0;14.61700
108.5;15.62700
108.7;16.24600
108.9;16.71900
109.1;17.25300
109.3;17.55700
109.5;17.80400
109.7;17.72200
109.9;17.63400
110.1;17.54200
110.3;17.38200
110.5;17.19000
110.7;17.03000
110.9;16.87500
111.1;16.65700
111.3;16.32700
111.5;15.94800
111.7;15.69200
111.9;15.21400
112.1;14.85500
112.3;14.38700
112.5;14.04100
112.7;13.61900
112.9;13.11000
113.1;12.55400
113.3;11.92500
113.5;11.22900
113.7;10.47500
113.9;9.74000
114.1;8.96340
114.3;8.22320
114.5;7.28000
114.7;6.45110
114.9;5.63450
115.1;4.92810
115.3;4.15600
115.5;3.42650
115.7;2.71560
115.9;2.20040
116.1;1.86640
116.3;1.70110
116.5;1.62230
116.7;1.59570
116.9;1.57510
117.1;1.56600
117.3;1.55410
117.5;1.54580
118.0;1.53050
118.5;1.50060
119.0;1.47860
119.5;1.46070
120.0;1.45010
120.5;1.42720
121.0;1.40470
121.5;1.38710
122.0;1.37600
122.5;1.35320
124.5;1.28620
126.5;1.22550
128.5;1.16730
130.5;1.11240
132.5;1.05560
134.5;1.00000
136.5;0.95681
137.5;0.93561
147.5;0.74184
157.5;0.62693
167.5;0.55972
177.5;0.50106
187.5;0.44868
197.5;0.40563
207.5;0.35940
217.5;0.32134
227.5;0.28548
237.5;0.25413
247.5;0.22466
257.5;0.19792
267.5;0.17476
277.5;0.15140
287.5;0.13086
297.5;0.11272
307.5;0.09643
317.5;0.08230
327.5;0.06920
337.5;0.05869
347.5;0.04953
357.5;0.04190
360.5;0.03992
End:; 
Origin of data [Measured/Computed]:; Measured
Machine/Treatment room:; ptRoom1PBS_RF4_241230
Snout name:; ptRoom1PBS_RF4
Range modulator name:; RF4
Radiation type:; Carbon
Curve type [Depth/X/Y/AbsoluteDosimetry]:; Depth
Medium:; Water
Single spot [Yes/No]:; Yes
Isocenter to snout distance [mm]:; 680
Isocenter to phantom surface distance [mm]:; 150
Detector lateral shape [Quadratic/Circular]:; Quadratic
Detector lateral side/diameter [mm]:; 80
Nominal beam energy [MeV]:; 2915.4
Measured dose curve (Depth [mm] Dose [a.u.]):; 
10.5;5.39010
20.5;5.45690
30.5;5.57690
40.5;5.76250
50.5;5.91190
60.5;6.17150
64.5;6.29230
69.5;6.49890
74.5;6.69470
79.5;6.99590
84.5;7.35610
89.5;7.78810
91.5;8.03100
93.5;8.30200
95.5;8.60220
97.5;8.95630
99.5;9.37900
100.0;9.50280
100.5;9.65840
101.0;9.73410
101.5;9.88290
102.0;10.03700
102.5;10.17000
103.0;10.34400
103.5;10.49400
104.0;10.66700
104.5;10.87400
105.0;11.07900
105.5;11.32500
106.0;11.54400
106.5;11.84600
107.0;12.11800
107.5;12.44400
108.0;12.83200
108.5;13.34700
109.0;13.80800
109.5;14.47800
109.7;14.83600
109.9;15.21600
110.1;15.61500
110.3;16.17100
110.5;16.70500
110.7;17.21200
110.9;17.76200
111.1;18.01100
111.3;18.19800
111.5;18.14200
111.7;17.93900
111.9;17.79000
112.1;17.74700
112.3;17.62900
112.5;17.37800
112.7;17.06400
112.9;16.96500
113.1;16.45900
113.3;16.21900
113.5;15.77300
113.7;15.34800
113.9;14.90900
114.1;14.45000
114.3;14.02400
114.5;13.65800
114.7;13.10400
114.9;12.49800
115.1;11.85500
115.3;11.11100
115.5;10.36000
115.7;9.70120
115.9;8.84190
116.1;7.98340
116.3;7.16810
116.5;6.25130
116.7;5.42000
116.9;4.71250
117.1;3.96430
117.3;3.19130
117.5;2.55960
117.7;2.14770
117.9;1.87770
118.1;1.72890
118.3;1.66110
118.5;1.63400
119.0;1.61120
119.5;1.57680
120.0;1.56190
120.5;1.53350
121.0;1.52630
121.5;1.52680
122.0;1.47530
122.5;1.46040
123.0;1.43810
123.5;1.42300
125.5;1.35050
127.5;1.28330
129.5;1.22450
131.5;1.16720
133.5;1.10980
135.5;1.06030
137.5;1.01200
138.5;0.98021
148.5;0.77915
158.5;0.65905
168.5;0.58251
178.5;0.52522
188.5;0.47587
198.5;0.42383
208.5;0.37812
218.5;0.33903
228.5;0.30408
238.5;0.26761
248.5;0.23804
258.5;0.20912
268.5;0.18479
278.5;0.16139
288.5;0.14041
298.5;0.12160
308.5;0.10382
318.5;0.08846
328.5;0.07543
338.5;0.06381
348.5;0.05349
358.5;0.04525
360.5;0.04405
End:; 
Origin of data [Measured/Computed]:; Measured
Machine/Treatment room:; ptRoom1PBS_RF4_241230
Snout name:; ptRoom1PBS_RF4
Range modulator name:; RF4
Radiation type:; Carbon
Curve type [Depth/X/Y/AbsoluteDosimetry]:; Depth
Medium:; Water
Single spot [Yes/No]:; Yes
Isocenter to snout distance [mm]:; 680
Isocenter to phantom surface distance [mm]:; 150
Detector lateral shape [Quadratic/Circular]:; Quadratic
Detector lateral side/diameter [mm]:; 80
Nominal beam energy [MeV]:; 2943
Measured dose curve (Depth [mm] Dose [a.u.]):; 
10.5;5.36650
20.5;5.47220
30.5;5.55430
40.5;5.69480
50.5;5.90470
60.5;6.10910
66.5;6.29580
71.5;6.47400
76.5;6.68710
81.5;6.98080
86.5;7.34850
91.5;7.79800
93.5;8.05330
95.5;8.34180
97.5;8.59140
99.5;8.99360
101.5;9.36460
102.0;9.48870
102.5;9.61280
103.0;9.76150
103.5;9.91400
104.0;10.05800
104.5;10.15400
105.0;10.29200
105.5;10.47600
106.0;10.65100
106.5;10.82900
107.0;11.02100
107.5;11.26200
108.0;11.51100
108.5;11.75900
109.0;12.09000
109.5;12.41100
110.0;12.81300
110.5;13.27100
111.0;13.74600
111.5;14.42800
111.7;14.71700
111.9;15.05800
112.1;15.52800
112.3;15.93600
112.5;16.41900
112.7;16.99700
112.9;17.52600
113.1;17.87600
113.3;18.03400
113.5;18.00200
113.7;17.92500
113.9;17.74500
114.1;17.61800
114.3;17.46400
114.5;17.25700
114.7;17.03000
114.9;16.79600
115.1;16.50300
115.3;16.20000
115.5;15.82000
115.7;15.39200
115.9;14.98400
116.1;14.56700
116.3;14.11300
116.5;13.67800
116.7;13.17100
116.9;12.57700
117.1;11.89100
117.3;11.19500
117.5;10.44900
117.7;9.73160
117.9;8.95950
118.1;8.12740
118.3;7.22130
118.5;6.33490
118.7;5.57270
118.9;4.83130
119.1;4.04550
119.3;3.32710
119.5;2.69040
119.7;2.21710
119.9;1.90500
120.1;1.75600
120.3;1.68820
120.5;1.65440
121.0;1.62330
121.5;1.59620
122.0;1.57630
122.5;1.55700
123.0;1.53330
123.5;1.51570
124.0;1.49490
124.5;1.47590
125.0;1.45750
125.5;1.44110
127.5;1.36890
129.5;1.30690
131.5;1.24450
133.5;1.18440
135.5;1.12850
137.5;1.07580
139.5;1.02570
140.5;1.00140
150.5;0.79624
160.5;0.67072
170.5;0.59486
180.5;0.53566
190.5;0.48350
200.5;0.43327
210.5;0.38923
220.5;0.34800
230.5;0.31128
240.5;0.27759
250.5;0.24667
260.5;0.21853
270.5;0.19206
280.5;0.16866
290.5;0.14705
300.5;0.12812
310.5;0.11036
320.5;0.09460
330.5;0.08102
340.5;0.06835
350.5;0.05815
360.5;0.04893
End:; 
Origin of data [Measured/Computed]:; Measured
Machine/Treatment room:; ptRoom1PBS_RF4_241230
Snout name:; ptRoom1PBS_RF4
Range modulator name:; RF4
Radiation type:; Carbon
Curve type [Depth/X/Y/AbsoluteDosimetry]:; Depth
Medium:; Water
Single spot [Yes/No]:; Yes
Isocenter to snout distance [mm]:; 680
Isocenter to phantom surface distance [mm]:; 150
Detector lateral shape [Quadratic/Circular]:; Quadratic
Detector lateral side/diameter [mm]:; 80
Nominal beam energy [MeV]:; 2970.48
Measured dose curve (Depth [mm] Dose [a.u.]):; 
10.5;5.38880
20.5;5.47710
30.5;5.58460
40.5;5.71890
50.5;5.88510
60.5;6.11240
68.5;6.34200
73.5;6.53710
78.5;6.74750
83.5;7.03780
88.5;7.39020
93.5;7.84900
95.5;8.08150
97.5;8.37220
99.5;8.65190
101.5;9.03080
103.5;9.45340
104.0;9.54420
104.5;9.67550
105.0;9.81180
105.5;9.94310
106.0;10.07000
106.5;10.21300
107.0;10.40000
107.5;10.54600
108.0;10.73400
108.5;10.92900
109.0;11.10700
109.5;11.37800
110.0;11.60700
110.5;11.88200
111.0;12.16900
111.5;12.50100
112.0;12.89000
112.5;13.34000
113.0;13.86600
113.5;14.53400
113.7;14.85600
113.9;15.20100
114.1;15.61700
114.3;16.09400
114.5;16.59000
114.7;17.11600
114.9;17.61400
115.1;17.97000
115.3;18.13200
115.5;18.14600
115.7;18.02700
115.9;17.88700
116.1;17.69600
116.3;17.53500
116.5;17.36100
116.7;17.11400
116.9;16.84700
117.1;16.53800
117.3;16.17800
117.5;15.77100
117.7;15.35300
117.9;14.95500
118.1;14.52900
118.3;14.06200
118.5;13.59600
118.7;13.09600
118.9;12.52600
119.1;11.82200
119.3;11.09800
119.5;10.36400
119.7;9.60040
119.9;8.79810
120.1;8.00400
120.3;7.19730
120.5;6.38180
120.7;5.51410
120.9;4.80730
121.1;4.02540
121.3;3.28080
121.5;2.68830
121.7;2.26510
121.9;1.96230
122.1;1.78480
122.3;1.72090
122.5;1.68050
123.0;1.64530
123.5;1.62550
124.0;1.60030
124.5;1.57820
125.0;1.55890
125.5;1.53960
126.0;1.51780
126.5;1.50170
127.0;1.48070
127.5;1.46330
129.5;1.39540
131.5;1.33160
133.5;1.27090
135.5;1.20950
137.5;1.15560
139.5;1.09770
141.5;1.04780
142.5;1.02210
152.5;0.81721
162.5;0.68624
172.5;0.60798
182.5;0.54784
192.5;0.49517
202.5;0.44582
212.5;0.40142
222.5;0.35860
232.5;0.32080
242.5;0.28672
252.5;0.25502
262.5;0.22617
272.5;0.20023
282.5;0.17627
292.5;0.15423
302.5;0.13487
312.5;0.11633
322.5;0.10030
332.5;0.08538
342.5;0.07333
352.5;0.06167
360.5;0.05410
End:; 
Origin of data [Measured/Computed]:; Measured
Machine/Treatment room:; ptRoom1PBS_RF4_241230
Snout name:; ptRoom1PBS_RF4
Range modulator name:; RF4
Radiation type:; Carbon
Curve type [Depth/X/Y/AbsoluteDosimetry]:; Depth
Medium:; Water
Single spot [Yes/No]:; Yes
Isocenter to snout distance [mm]:; 680
Isocenter to phantom surface distance [mm]:; 150
Detector lateral shape [Quadratic/Circular]:; Quadratic
Detector lateral side/diameter [mm]:; 80
Nominal beam energy [MeV]:; 2997.84
Measured dose curve (Depth [mm] Dose [a.u.]):; 
10.5;5.45660
20.5;5.56270
30.5;5.66710
40.5;5.81490
50.5;5.94580
60.5;6.19040
70.5;6.46020
75.5;6.65260
80.5;6.86050
85.5;7.19340
90.5;7.52920
95.5;7.97090
97.5;8.20730
99.5;8.46720
101.5;8.80940
103.5;9.15200
105.5;9.61540
106.0;9.67880
106.5;9.80810
107.0;9.91730
107.5;10.08800
108.0;10.30400
108.5;10.38000
109.0;10.53500
109.5;10.71800
110.0;10.88700
110.5;11.05000
111.0;11.25600
111.5;11.52500
112.0;11.74000
112.5;12.03800
113.0;12.31700
113.5;12.60900
114.0;13.00400
114.5;13.43100
115.0;14.02300
115.5;14.64900
115.7;14.88200
115.9;15.23200
116.1;15.70300
116.3;16.11100
116.5;16.60500
116.7;17.28700
116.9;17.73600
117.1;18.22700
117.3;18.34000
117.5;18.38800
117.7;18.34500
117.9;18.26100
118.1;18.00200
118.3;17.80700
118.5;17.74600
118.7;17.41500
118.9;17.18900
119.1;16.83300
119.3;16.56200
119.5;16.09100
119.7;15.64700
119.9;15.30900
120.1;14.77400
120.3;14.35600
120.5;13.96000
120.7;13.36700
120.9;12.78800
121.1;12.21100
121.3;11.41000
121.5;10.68100
121.7;10.08200
121.9;9.21590
122.1;8.36420
122.3;7.55970
122.5;6.80530
122.7;5.91360
122.9;5.13660
123.1;4.39900
123.3;3.65370
123.5;2.99700
123.7;2.43520
123.9;2.12010
124.1;1.89500
124.3;1.78220
124.5;1.73340
125.0;1.69080
125.5;1.66600
126.0;1.64420
126.5;1.62370
127.0;1.60580
127.5;1.58180
128.0;1.56200
128.5;1.54420
129.0;1.52490
129.5;1.50670
131.5;1.43420
133.5;1.36950
135.5;1.30720
137.5;1.25200
139.5;1.19240
141.5;1.13860
143.5;1.08590
144.5;1.06010
154.5;0.84830
164.5;0.71296
174.5;0.62931
184.5;0.56964
194.5;0.51253
204.5;0.46299
214.5;0.41667
224.5;0.37474
234.5;0.33521
244.5;0.30089
254.5;0.26828
264.5;0.23938
274.5;0.21234
284.5;0.18653
294.5;0.16423
304.5;0.14505
314.5;0.12551
324.5;0.10802
334.5;0.09298
344.5;0.07907
354.5;0.06717
360.5;0.06166
End:; 
Origin of data [Measured/Computed]:; Measured
Machine/Treatment room:; ptRoom1PBS_RF4_241230
Snout name:; ptRoom1PBS_RF4
Range modulator name:; RF4
Radiation type:; Carbon
Curve type [Depth/X/Y/AbsoluteDosimetry]:; Depth
Medium:; Water
Single spot [Yes/No]:; Yes
Isocenter to snout distance [mm]:; 680
Isocenter to phantom surface distance [mm]:; 150
Detector lateral shape [Quadratic/Circular]:; Quadratic
Detector lateral side/diameter [mm]:; 80
Nominal beam energy [MeV]:; 3025.08
Measured dose curve (Depth [mm] Dose [a.u.]):; 
10.5;5.40240
20.5;5.47710
30.5;5.56960
40.5;5.70360
50.5;5.85990
60.5;6.05620
70.5;6.31390
72.5;6.36860
77.5;6.56640
82.5;6.79330
87.5;7.06650
92.5;7.43790
97.5;7.88720
99.5;8.12230
101.5;8.39920
103.5;8.66540
105.5;9.02860
107.5;9.46680
108.0;9.54190
108.5;9.66170
109.0;9.81420
109.5;9.92310
110.0;10.06200
110.5;10.22200
111.0;10.38100
111.5;10.51800
112.0;10.69400
112.5;10.90600
113.0;11.08200
113.5;11.30500
114.0;11.57100
114.5;11.80000
115.0;12.09000
115.5;12.41800
116.0;12.79500
116.5;13.22000
117.0;13.73700
117.5;14.34500
117.7;14.62000
117.9;15.02000
118.1;15.37800
118.3;15.80500
118.5;16.33300
118.7;16.84200
118.9;17.36700
119.1;17.76400
119.3;18.02300
119.5;18.08500
119.7;18.06500
119.9;17.86600
120.1;17.72100
120.3;17.52100
120.5;17.36500
120.7;17.20300
120.9;16.90700
121.1;16.62500
121.3;16.32200
121.5;15.93600
121.7;15.56000
121.9;15.12400
122.1;14.68800
122.3;14.27000
122.5;13.82600
122.7;13.36500
122.9;12.79700
123.1;12.22700
123.3;11.55300
123.5;10.84800
123.7;10.04400
123.9;9.29380
124.1;8.49190
124.3;7.71820
124.5;6.83150
124.7;6.03110
124.9;5.25220
125.1;4.48610
125.3;3.71960
125.5;3.08300
125.7;2.51840
125.9;2.13340
126.1;1.89810
126.3;1.79130
126.5;1.73500
127.0;1.68890
127.5;1.67060
128.0;1.64190
128.5;1.62120
129.0;1.59990
129.5;1.58280
130.0;1.55990
130.5;1.54220
131.0;1.52570
131.5;1.50260
133.5;1.43610
135.5;1.37360
137.5;1.31010
139.5;1.25240
141.5;1.19820
143.5;1.13960
145.5;1.08930
146.5;1.06460
156.5;0.85439
166.5;0.71730
176.5;0.63316
186.5;0.57202
196.5;0.51867
206.5;0.46950
216.5;0.42217
226.5;0.37973
236.5;0.34095
246.5;0.30617
256.5;0.27357
266.5;0.24371
276.5;0.21728
286.5;0.19158
296.5;0.16877
306.5;0.14821
316.5;0.12951
326.5;0.11206
336.5;0.09614
346.5;0.08256
356.5;0.07086
360.5;0.06602
End:; 
Origin of data [Measured/Computed]:; Measured
Machine/Treatment room:; ptRoom1PBS_RF4_241230
Snout name:; ptRoom1PBS_RF4
Range modulator name:; RF4
Radiation type:; Carbon
Curve type [Depth/X/Y/AbsoluteDosimetry]:; Depth
Medium:; Water
Single spot [Yes/No]:; Yes
Isocenter to snout distance [mm]:; 680
Isocenter to phantom surface distance [mm]:; 150
Detector lateral shape [Quadratic/Circular]:; Quadratic
Detector lateral side/diameter [mm]:; 80
Nominal beam energy [MeV]:; 3052.08
Measured dose curve (Depth [mm] Dose [a.u.]):; 
10.5;5.46280
20.5;5.51390
30.5;5.60760
40.5;5.72510
50.5;5.88610
60.5;6.05460
70.5;6.30050
74.5;6.45260
79.5;6.63490
84.5;6.85260
89.5;7.15260
94.5;7.50330
99.5;8.00870
101.5;8.25090
103.5;8.49510
105.5;8.80890
107.5;9.19270
109.5;9.65460
110.0;9.70780
110.5;9.83810
111.0;9.95680
111.5;10.08500
112.0;10.22300
112.5;10.38700
113.0;10.54600
113.5;10.76500
114.0;10.89100
114.5;11.12500
115.0;11.29700
115.5;11.54800
116.0;11.79400
116.5;12.06500
117.0;12.45300
117.5;12.74500
118.0;13.17600
118.5;13.68400
119.0;14.26400
119.5;15.02400
119.7;15.34500
119.9;15.82300
120.1;16.38500
120.3;16.86100
120.5;17.34600
120.7;17.80800
120.9;18.08200
121.1;18.31200
121.3;18.24300
121.5;18.09600
121.7;17.97600
121.9;17.76600
122.1;17.53600
122.3;17.39100
122.5;17.10500
122.7;16.85800
122.9;16.52200
123.1;16.17300
123.3;15.77100
123.5;15.36900
123.7;15.04800
123.9;14.50500
124.1;14.13600
124.3;13.48400
124.5;13.01100
124.7;12.40100
124.9;11.78500
125.1;10.99700
125.3;10.28900
125.5;9.55380
125.7;8.73060
125.9;7.88410
126.1;7.03950
126.3;6.22010
126.5;5.46990
126.7;4.64850
126.9;3.91380
127.1;3.26670
127.3;2.68940
127.5;2.24920
127.7;1.98850
127.9;1.83710
128.1;1.76770
128.3;1.73740
128.5;1.72450
129.0;1.69290
129.5;1.67500
130.0;1.65040
130.5;1.62950
131.0;1.61500
131.5;1.59680
132.0;1.57760
132.5;1.55110
133.0;1.54190
133.5;1.51620
135.5;1.44680
137.5;1.38080
139.5;1.32560
141.5;1.26350
143.5;1.21580
145.5;1.15580
147.5;1.10730
148.5;1.07910
158.5;0.86723
168.5;0.73178
178.5;0.64380
188.5;0.58245
198.5;0.52726
208.5;0.47848
218.5;0.43083
228.5;0.39093
238.5;0.35192
248.5;0.31371
258.5;0.28300
268.5;0.25105
278.5;0.22373
288.5;0.20000
298.5;0.17479
308.5;0.15374
318.5;0.13444
328.5;0.11709
338.5;0.10101
348.5;0.08755
358.5;0.07462
360.5;0.07244
End:; 
Origin of data [Measured/Computed]:; Measured
Machine/Treatment room:; ptRoom1PBS_RF4_241230
Snout name:; ptRoom1PBS_RF4
Range modulator name:; RF4
Radiation type:; Carbon
Curve type [Depth/X/Y/AbsoluteDosimetry]:; Depth
Medium:; Water
Single spot [Yes/No]:; Yes
Isocenter to snout distance [mm]:; 680
Isocenter to phantom surface distance [mm]:; 150
Detector lateral shape [Quadratic/Circular]:; Quadratic
Detector lateral side/diameter [mm]:; 80
Nominal beam energy [MeV]:; 3078.96
Measured dose curve (Depth [mm] Dose [a.u.]):; 
10.5;5.41830
20.5;5.51470
30.5;5.57040
40.5;5.68470
50.5;5.83580
60.5;6.00110
70.5;6.24220
76.5;6.40910
81.5;6.60440
86.5;6.83850
91.5;7.11900
96.5;7.47880
101.5;7.97180
103.5;8.20900
105.5;8.45520
107.5;8.76440
109.5;9.11960
111.5;9.55340
112.0;9.68870
112.5;9.78300
113.0;9.92420
113.5;10.06000
114.0;10.17900
114.5;10.31400
115.0;10.47900
115.5;10.66200
116.0;10.83200
116.5;11.02000
117.0;11.21900
117.5;11.46700
118.0;11.71400
118.5;12.00800
119.0;12.31700
119.5;12.65200
120.0;13.10000
120.5;13.54900
121.0;14.12600
121.5;14.86200
121.7;15.18100
121.9;15.59200
122.1;16.08500
122.3;16.58500
122.5;17.03600
122.7;17.55000
122.9;17.85400
123.1;18.03700
123.3;18.05000
123.5;17.98100
123.7;17.83800
123.9;17.66400
124.1;17.49500
124.3;17.30300
124.5;17.10400
124.7;16.84700
124.9;16.55800
125.1;16.22400
125.3;15.87700
125.5;15.39900
125.7;15.00200
125.9;14.57000
126.1;14.17700
126.3;13.68100
126.5;13.17300
126.7;12.63200
126.9;11.95200
127.1;11.27400
127.3;10.57300
127.5;9.72750
127.7;8.98860
127.9;8.08940
128.1;7.29350
128.3;6.38870
128.5;5.67530
128.7;4.83700
128.9;4.15880
129.1;3.37600
129.3;2.84350
129.5;2.37120
129.7;2.04870
129.9;1.88190
130.1;1.79790
130.3;1.75930
130.5;1.73880
131.0;1.71370
131.5;1.69600
132.0;1.66520
132.5;1.64790
133.0;1.63110
133.5;1.60680
134.0;1.58940
134.5;1.57310
135.0;1.54940
135.5;1.53850
137.5;1.46830
139.5;1.40490
141.5;1.34090
143.5;1.28400
145.5;1.22670
147.5;1.17350
149.5;1.12150
150.5;1.09890
160.5;0.88667
170.5;0.74108
180.5;0.65677
190.5;0.59206
200.5;0.53692
210.5;0.48699
220.5;0.44141
230.5;0.39749
240.5;0.35942
250.5;0.32219
260.5;0.28921
270.5;0.26004
280.5;0.23278
290.5;0.20470
300.5;0.18196
310.5;0.16037
320.5;0.14013
330.5;0.12284
340.5;0.10630
350.5;0.09122
360.5;0.07870
End:; 
Origin of data [Measured/Computed]:; Measured
Machine/Treatment room:; ptRoom1PBS_RF4_241230
Snout name:; ptRoom1PBS_RF4
Range modulator name:; RF4
Radiation type:; Carbon
Curve type [Depth/X/Y/AbsoluteDosimetry]:; Depth
Medium:; Water
Single spot [Yes/No]:; Yes
Isocenter to snout distance [mm]:; 680
Isocenter to phantom surface distance [mm]:; 150
Detector lateral shape [Quadratic/Circular]:; Quadratic
Detector lateral side/diameter [mm]:; 80
Nominal beam energy [MeV]:; 3105.72
Measured dose curve (Depth [mm] Dose [a.u.]):; 
10.5;5.44850
20.5;5.53070
30.5;5.60560
40.5;5.72220
50.5;5.83600
60.5;6.01540
70.5;6.24870
78.5;6.49770
83.5;6.67290
88.5;6.90590
93.5;7.21370
98.5;7.58620
103.5;8.07740
105.5;8.29240
107.5;8.58050
109.5;8.88530
111.5;9.25430
113.5;9.73300
114.0;9.80160
114.5;9.92510
115.0;10.06800
115.5;10.20000
116.0;10.40000
116.5;10.50000
117.0;10.71700
117.5;10.82400
118.0;11.03700
118.5;11.20900
119.0;11.48800
119.5;11.66400
120.0;11.99000
120.5;12.24800
121.0;12.57000
121.5;12.98200
122.0;13.41100
122.5;13.90800
123.0;14.59500
123.5;15.43700
123.7;15.81100
123.9;16.28600
124.1;16.90100
124.3;17.33700
124.5;17.79700
124.7;18.09800
124.9;18.26400
125.1;18.15500
125.3;18.00700
125.5;17.97400
125.7;17.67700
125.9;17.51300
126.1;17.34100
126.3;17.08800
126.5;16.82200
126.7;16.50100
126.9;16.11900
127.1;15.84600
127.3;15.37400
127.5;14.90900
127.7;14.43400
127.9;14.09200
128.1;13.57200
128.3;13.00700
128.5;12.37600
128.7;11.64900
128.9;11.09700
129.1;10.25400
129.3;9.61950
129.5;8.67950
129.7;7.89230
129.9;7.02090
130.1;6.17250
130.3;5.45400
130.5;4.70880
130.7;3.93490
130.9;3.17230
131.1;2.66760
131.3;2.26830
131.5;2.02280
131.7;1.87710
131.9;1.80300
132.1;1.78000
132.3;1.77340
132.5;1.76440
133.0;1.72040
133.5;1.69650
134.0;1.67910
134.5;1.65990
135.0;1.63800
135.5;1.61840
136.0;1.60150
136.5;1.59150
137.0;1.57680
137.5;1.55120
139.5;1.47950
141.5;1.42550
143.5;1.35650
145.5;1.29490
147.5;1.24090
149.5;1.18890
151.5;1.14490
152.5;1.11420
162.5;0.89728
172.5;0.75214
182.5;0.66598
192.5;0.60317
202.5;0.54942
212.5;0.49626
222.5;0.45030
232.5;0.40698
242.5;0.36727
252.5;0.33166
262.5;0.29733
272.5;0.26664
282.5;0.23880
292.5;0.21226
302.5;0.18742
312.5;0.16575
322.5;0.14636
332.5;0.12755
342.5;0.11096
352.5;0.09577
360.5;0.08528
End:; 
Origin of data [Measured/Computed]:; Measured
Machine/Treatment room:; ptRoom1PBS_RF4_241230
Snout name:; ptRoom1PBS_RF4
Range modulator name:; RF4
Radiation type:; Carbon
Curve type [Depth/X/Y/AbsoluteDosimetry]:; Depth
Medium:; Water
Single spot [Yes/No]:; Yes
Isocenter to snout distance [mm]:; 680
Isocenter to phantom surface distance [mm]:; 150
Detector lateral shape [Quadratic/Circular]:; Quadratic
Detector lateral side/diameter [mm]:; 80
Nominal beam energy [MeV]:; 3132.36
Measured dose curve (Depth [mm] Dose [a.u.]):; 
10.5;4.71190
20.5;4.77470
30.5;4.84310
40.5;4.92970
50.5;5.04180
60.5;5.17280
70.5;5.36130
80.5;5.61360
85.5;5.77810
90.5;5.98040
95.5;6.23430
100.5;6.54690
105.5;6.97890
107.5;7.19300
109.5;7.42990
111.5;7.70610
113.5;8.02320
115.5;8.40120
116.0;8.50050
116.5;8.62130
117.0;8.73550
117.5;8.83800
118.0;8.97370
118.5;9.10370
119.0;9.24310
119.5;9.39210
120.0;9.58060
120.5;9.74330
121.0;9.93770
121.5;10.15800
122.0;10.40100
122.5;10.65400
123.0;10.95000
123.5;11.29600
124.0;11.71200
124.5;12.16700
125.0;12.82400
125.3;13.24200
125.5;13.60500
125.7;13.96100
125.9;14.50300
126.1;14.90700
126.3;15.28200
126.5;15.61600
126.7;15.79900
126.9;15.77600
127.1;15.71400
127.3;15.55300
127.5;15.34900
127.7;15.14700
127.9;14.95200
128.1;14.67400
128.3;14.40800
128.5;14.13600
128.7;13.85200
128.9;13.50800
129.1;13.12800
129.3;12.73300
129.5;12.33300
129.7;11.93600
129.9;11.53000
130.1;10.99500
130.3;10.43300
130.5;9.99250
130.7;9.33000
130.9;8.70440
131.1;8.12430
131.3;7.48950
131.5;6.81420
131.7;6.28280
131.9;5.52840
132.1;4.89810
132.3;4.24380
132.5;3.74240
132.7;3.07900
132.9;2.57690
133.1;2.13550
133.3;1.86100
133.5;1.67720
133.7;1.59210
133.9;1.55400
134.1;1.53540
134.3;1.52390
134.8;1.50040
135.3;1.48330
135.8;1.46370
136.3;1.44710
136.8;1.42930
137.3;1.41250
137.8;1.39660
138.3;1.37990
138.5;1.37460
140.5;1.31340
142.5;1.25820
144.5;1.20270
146.5;1.15120
148.5;1.10310
150.5;1.05730
152.5;1.01350
153.5;0.99151
163.5;0.80299
173.5;0.66939
183.5;0.58952
193.5;0.53324
203.5;0.48485
213.5;0.44131
223.5;0.40011
233.5;0.36192
243.5;0.32681
253.5;0.29506
263.5;0.26569
273.5;0.23918
283.5;0.21402
293.5;0.19103
303.5;0.16971
313.5;0.15075
323.5;0.13279
333.5;0.11661
343.5;0.10168
353.5;0.08827
360.5;0.07956
End:; 
Origin of data [Measured/Computed]:; Measured
Machine/Treatment room:; ptRoom1PBS_RF4_241230
Snout name:; ptRoom1PBS_RF4
Range modulator name:; RF4
Radiation type:; Carbon
Curve type [Depth/X/Y/AbsoluteDosimetry]:; Depth
Medium:; Water
Single spot [Yes/No]:; Yes
Isocenter to snout distance [mm]:; 680
Isocenter to phantom surface distance [mm]:; 150
Detector lateral shape [Quadratic/Circular]:; Quadratic
Detector lateral side/diameter [mm]:; 80
Nominal beam energy [MeV]:; 3158.76
Measured dose curve (Depth [mm] Dose [a.u.]):; 
10.5;5.53710
20.5;5.61210
30.5;5.69820
40.5;5.77700
50.5;5.88980
60.5;6.06260
70.5;6.25060
80.5;6.51830
82.5;6.61600
87.5;6.77870
92.5;7.02370
97.5;7.32230
102.5;7.67960
107.5;8.20880
109.5;8.44500
111.5;8.70860
113.5;9.03030
115.5;9.40810
117.5;9.81590
118.0;9.92950
118.5;10.06300
119.0;10.19800
119.5;10.34100
120.0;10.53100
120.5;10.64600
121.0;10.80000
121.5;10.98900
122.0;11.22100
122.5;11.40000
123.0;11.60500
123.5;11.84600
124.0;12.12400
124.5;12.40500
125.0;12.78300
125.5;13.12700
126.0;13.55600
126.5;14.13000
127.0;14.75000
127.5;15.66500
127.7;16.06100
127.9;16.58600
128.1;17.06800
128.3;17.67900
128.5;18.10500
128.7;18.42600
128.9;18.41600
129.1;18.33700
129.3;18.28100
129.5;18.04900
129.7;17.97100
129.9;17.79500
130.1;17.52500
130.3;17.36900
130.5;16.96200
130.7;16.63100
130.9;16.23700
131.1;15.93400
131.3;15.41400
131.5;14.99400
131.7;14.48800
131.9;14.08700
132.1;13.60600
132.3;12.97500
132.5;12.33600
132.7;11.71000
132.9;11.01100
133.1;10.24800
133.3;9.53450
133.5;8.73330
133.7;8.03240
133.9;7.04450
134.1;6.29810
134.3;5.51780
134.5;4.68150
134.7;4.00310
134.9;3.42690
135.1;2.75410
135.3;2.39120
135.5;2.08860
135.7;1.95880
135.9;1.87280
136.1;1.84540
136.3;1.81770
136.5;1.80980
137.0;1.78150
137.5;1.76790
138.0;1.73720
138.5;1.73040
139.0;1.69720
139.5;1.68050
140.0;1.66060
140.5;1.64550
141.0;1.62290
141.5;1.60480
143.5;1.54280
145.5;1.47760
147.5;1.41050
149.5;1.35230
151.5;1.29790
153.5;1.25210
155.5;1.19050
156.5;1.16530
166.5;0.94728
176.5;0.79561
186.5;0.70161
196.5;0.63406
206.5;0.57887
216.5;0.52693
226.5;0.47776
236.5;0.43321
246.5;0.39077
256.5;0.35518
266.5;0.31815
276.5;0.28592
286.5;0.25679
296.5;0.22979
306.5;0.20462
316.5;0.18147
326.5;0.15996
336.5;0.14068
346.5;0.12279
356.5;0.10702
360.5;0.10102
End:; 
Origin of data [Measured/Computed]:; Measured
Machine/Treatment room:; ptRoom1PBS_RF4_241230
Snout name:; ptRoom1PBS_RF4
Range modulator name:; RF4
Radiation type:; Carbon
Curve type [Depth/X/Y/AbsoluteDosimetry]:; Depth
Medium:; Water
Single spot [Yes/No]:; Yes
Isocenter to snout distance [mm]:; 680
Isocenter to phantom surface distance [mm]:; 150
Detector lateral shape [Quadratic/Circular]:; Quadratic
Detector lateral side/diameter [mm]:; 80
Nominal beam energy [MeV]:; 3185.16
Measured dose curve (Depth [mm] Dose [a.u.]):; 
10.5;5.53480
20.5;5.58490
30.5;5.67230
40.5;5.75010
50.5;5.86160
60.5;6.03120
70.5;6.19640
80.5;6.46390
84.5;6.57870
89.5;6.76600
94.5;7.00690
99.5;7.30520
104.5;7.67100
109.5;8.19710
111.5;8.42380
113.5;8.70730
115.5;8.99740
117.5;9.40480
119.5;9.79530
120.0;9.95190
120.5;10.04500
121.0;10.18300
121.5;10.33300
122.0;10.45500
122.5;10.64100
123.0;10.79700
123.5;10.93800
124.0;11.11500
124.5;11.33800
125.0;11.63600
125.5;11.78700
126.0;12.05600
126.5;12.39400
127.0;12.72400
127.5;13.07400
128.0;13.55600
128.5;14.05200
129.0;14.69300
129.5;15.53100
129.7;15.99900
129.9;16.52000
130.1;16.97200
130.3;17.52800
130.5;17.95600
130.7;18.19800
130.9;18.30800
131.1;18.28700
131.3;18.20200
131.5;18.05800
131.7;17.87200
131.9;17.71300
132.1;17.43200
132.3;17.24900
132.5;16.93800
132.7;16.59100
132.9;16.25100
133.1;15.84200
133.3;15.37900
133.5;14.93500
133.7;14.50000
133.9;14.00500
134.1;13.53300
134.3;12.96000
134.5;12.36900
134.7;11.78000
134.9;11.03800
135.1;10.28600
135.3;9.54310
135.5;8.78960
135.7;7.92720
135.9;7.11080
136.1;6.25120
136.3;5.53270
136.5;4.70920
136.7;3.98610
136.9;3.36760
137.1;2.78260
137.3;2.37720
137.5;2.09840
137.7;1.96000
137.9;1.88610
138.1;1.84570
138.3;1.82810
138.5;1.81880
139.0;1.79330
139.5;1.77510
140.0;1.75260
140.5;1.72580
141.0;1.71240
141.5;1.68980
142.0;1.67340
142.5;1.65030
143.0;1.63690
143.5;1.61580
145.5;1.54450
147.5;1.48410
149.5;1.41910
151.5;1.36690
153.5;1.31040
155.5;1.25780
157.5;1.20160
158.5;1.17790
168.5;0.96812
178.5;0.80249
188.5;0.71084
198.5;0.64463
208.5;0.58321
218.5;0.53251
228.5;0.48377
238.5;0.43888
248.5;0.39778
258.5;0.36068
268.5;0.32542
278.5;0.29276
288.5;0.26350
298.5;0.23585
308.5;0.21039
318.5;0.18692
328.5;0.16583
338.5;0.14630
348.5;0.12867
358.5;0.11274
360.5;0.10901
End:; 
Origin of data [Measured/Computed]:; Measured
Machine/Treatment room:; ptRoom1PBS_RF4_241230
Snout name:; ptRoom1PBS_RF4
Range modulator name:; RF4
Radiation type:; Carbon
Curve type [Depth/X/Y/AbsoluteDosimetry]:; Depth
Medium:; Water
Single spot [Yes/No]:; Yes
Isocenter to snout distance [mm]:; 680
Isocenter to phantom surface distance [mm]:; 150
Detector lateral shape [Quadratic/Circular]:; Quadratic
Detector lateral side/diameter [mm]:; 80
Nominal beam energy [MeV]:; 3211.44
Measured dose curve (Depth [mm] Dose [a.u.]):; 
10.5;5.51850
20.5;5.58410
30.5;5.64770
40.5;5.74180
50.5;5.84760
60.5;5.97470
70.5;6.16550
80.5;6.41180
85.5;6.55140
90.5;6.74810
95.5;6.97080
100.5;7.25510
105.5;7.64160
110.5;8.08390
112.5;8.31750
114.5;8.60700
116.5;8.90590
118.5;9.21600
120.5;9.65080
121.0;9.77380
121.5;9.93180
122.0;10.00500
122.5;10.12600
123.0;10.24700
123.5;10.43100
124.0;10.56600
124.5;10.69400
125.0;10.88500
125.5;11.06300
126.0;11.21800
126.5;11.44400
127.0;11.64600
127.5;11.92900
128.0;12.23200
128.5;12.51200
129.0;12.86800
129.5;13.31000
130.0;13.78500
130.5;14.44400
130.7;14.65300
130.9;14.99500
131.1;15.35100
131.3;15.71700
131.5;16.20400
131.7;16.70800
131.9;17.21000
132.1;17.64600
132.3;18.05100
132.5;18.16000
132.7;18.21900
132.9;18.15000
133.1;18.04400
133.3;17.89000
133.5;17.71000
133.7;17.50400
133.9;17.29600
134.1;17.05200
134.3;16.74900
134.5;16.45400
134.7;16.07600
134.9;15.68000
135.1;15.26300
135.3;14.80400
135.5;14.36600
135.7;13.88700
135.9;13.35000
136.1;12.76800
136.3;12.10100
136.5;11.46000
136.7;10.67600
136.9;9.97080
137.1;9.26680
137.3;8.39760
137.5;7.47990
137.7;6.62470
137.9;5.88350
138.1;5.04010
138.3;4.35110
138.5;3.59850
138.7;2.98190
138.9;2.55350
139.1;2.21620
139.3;2.02810
139.5;1.92960
140.0;1.84140
140.5;1.81580
141.0;1.79270
141.5;1.76990
142.0;1.74830
142.5;1.73110
143.0;1.71160
143.5;1.69300
144.0;1.67420
144.5;1.65710
146.5;1.58680
148.5;1.52080
150.5;1.46000
152.5;1.40430
154.5;1.34200
156.5;1.28840
158.5;1.24030
159.5;1.21430
169.5;0.98948
179.5;0.82601
189.5;0.72387
199.5;0.65603
209.5;0.59926
219.5;0.54562
229.5;0.49700
239.5;0.45151
249.5;0.40960
259.5;0.37181
269.5;0.33549
279.5;0.30291
289.5;0.27256
299.5;0.24477
309.5;0.21919
319.5;0.19505
329.5;0.17354
339.5;0.15288
349.5;0.13487
359.5;0.11772
369.5;0.10237
379.5;0.08906
389.5;0.07704
399.5;0.06628
409.5;0.05701
410.5;0.05587
End:; 
Origin of data [Measured/Computed]:; Measured
Machine/Treatment room:; ptRoom1PBS_RF4_241230
Snout name:; ptRoom1PBS_RF4
Range modulator name:; RF4
Radiation type:; Carbon
Curve type [Depth/X/Y/AbsoluteDosimetry]:; Depth
Medium:; Water
Single spot [Yes/No]:; Yes
Isocenter to snout distance [mm]:; 680
Isocenter to phantom surface distance [mm]:; 150
Detector lateral shape [Quadratic/Circular]:; Quadratic
Detector lateral side/diameter [mm]:; 80
Nominal beam energy [MeV]:; 3237.6
Measured dose curve (Depth [mm] Dose [a.u.]):; 
10.6;5.56440
20.6;5.64190
30.6;5.69970
40.6;5.78630
50.6;5.88750
60.6;6.01720
70.6;6.19240
80.6;6.42110
87.6;6.63750
92.6;6.82580
97.6;7.05760
102.6;7.35090
107.6;7.70480
112.6;8.19760
114.6;8.41870
116.6;8.70160
118.6;8.99540
120.6;9.35970
122.6;9.74180
123.1;9.85330
123.6;9.99290
124.1;10.10300
124.6;10.22400
125.1;10.35800
125.6;10.49400
126.1;10.66000
126.6;10.80200
127.1;10.99600
127.6;11.19300
128.1;11.34900
128.6;11.59400
129.1;11.83600
129.6;12.09000
130.1;12.37700
130.6;12.69800
131.1;13.09300
131.6;13.51800
132.1;14.00300
132.6;14.59800
132.8;14.84200
133.0;15.18300
133.2;15.58300
133.4;15.98600
133.6;16.44500
133.8;17.00600
134.0;17.52800
134.2;17.93800
134.4;18.28600
134.6;18.49200
134.8;18.57500
135.0;18.44200
135.2;18.26900
135.4;18.05700
135.6;17.91500
135.8;17.62200
136.0;17.37200
136.2;17.11400
136.4;16.73000
136.6;16.45700
136.8;16.02900
137.0;15.58600
137.2;15.09300
137.4;14.64100
137.6;14.16900
137.8;13.64100
138.0;13.10500
138.2;12.51600
138.4;11.88400
138.6;11.18900
138.8;10.42400
139.0;9.74670
139.2;8.93850
139.4;8.11880
139.6;7.34480
139.8;6.52840
140.0;5.66010
140.2;4.98250
140.4;4.21350
140.6;3.57630
140.8;3.01860
141.0;2.57900
141.2;2.24970
141.4;2.06200
141.6;1.96130
142.1;1.87580
142.6;1.84760
143.1;1.82650
143.6;1.79910
144.1;1.77790
144.6;1.76420
145.1;1.74010
145.6;1.72630
146.1;1.70390
146.6;1.68210
148.6;1.61010
150.6;1.54600
152.6;1.48480
154.6;1.42910
156.6;1.37170
158.6;1.31640
160.6;1.26640
161.6;1.23540
171.6;1.01100
181.6;0.84691
191.6;0.73936
201.6;0.67306
211.6;0.61367
221.6;0.55885
231.6;0.51020
241.6;0.46383
251.6;0.42188
261.6;0.38245
271.6;0.34687
281.6;0.31299
291.6;0.28168
301.6;0.25299
311.6;0.22718
321.6;0.20280
331.6;0.18048
341.6;0.15979
351.6;0.14102
361.6;0.12460
371.6;0.10860
381.6;0.09443
391.6;0.08162
401.6;0.06987
410.6;0.06089
End:; 
Origin of data [Measured/Computed]:; Measured
Machine/Treatment room:; ptRoom1PBS_RF4_241230
Snout name:; ptRoom1PBS_RF4
Range modulator name:; RF4
Radiation type:; Carbon
Curve type [Depth/X/Y/AbsoluteDosimetry]:; Depth
Medium:; Water
Single spot [Yes/No]:; Yes
Isocenter to snout distance [mm]:; 680
Isocenter to phantom surface distance [mm]:; 150
Detector lateral shape [Quadratic/Circular]:; Quadratic
Detector lateral side/diameter [mm]:; 80
Nominal beam energy [MeV]:; 3263.64
Measured dose curve (Depth [mm] Dose [a.u.]):; 
10.6;5.44260
20.6;5.49670
30.6;5.55870
40.6;5.63080
50.6;5.73000
60.6;5.85060
70.6;6.00890
80.6;6.21680
89.6;6.46950
94.6;6.66670
99.6;6.88750
104.6;7.16250
109.6;7.50850
114.6;7.97220
116.6;8.19770
118.6;8.45930
120.6;8.75060
122.6;9.08810
124.6;9.48520
125.1;9.59840
125.6;9.68650
126.1;9.83140
126.6;9.95330
127.1;10.05800
127.6;10.18600
128.1;10.33000
128.6;10.51900
129.1;10.67900
129.6;10.82300
130.1;11.05500
130.6;11.23400
131.1;11.48300
131.6;11.74900
132.1;11.98300
132.6;12.29900
133.1;12.61000
133.6;13.04000
134.1;13.51800
134.6;14.08500
134.8;14.29700
135.0;14.62300
135.2;14.88400
135.4;15.32000
135.6;15.71300
135.8;16.22700
136.0;16.69400
136.2;17.16300
136.4;17.52800
136.6;17.75400
136.8;17.85100
137.0;17.79700
137.2;17.73800
137.4;17.58100
137.6;17.41200
137.8;17.23600
138.0;17.01100
138.2;16.78100
138.4;16.48800
138.6;16.13800
138.8;15.83200
139.0;15.42600
139.2;15.02400
139.4;14.61500
139.6;14.15400
139.8;13.68000
140.0;13.19100
140.2;12.65100
140.4;12.05900
140.6;11.38200
140.8;10.75500
141.0;9.97880
141.2;9.22130
141.4;8.43640
141.6;7.63610
141.8;6.81780
142.0;6.00500
142.2;5.26000
142.4;4.50260
142.6;3.84420
142.8;3.19920
143.0;2.70290
143.2;2.37270
143.4;2.09250
143.6;1.96020
144.1;1.85310
144.6;1.81950
145.1;1.80490
145.6;1.78330
146.1;1.75380
146.6;1.73430
147.1;1.71550
147.6;1.69910
148.1;1.68210
148.6;1.66430
150.6;1.59710
152.6;1.53290
154.6;1.47040
156.6;1.41260
158.6;1.35580
160.6;1.30250
162.6;1.25490
163.6;1.22830
173.6;1.00890
183.6;0.84253
193.6;0.73549
203.6;0.66715
213.6;0.60910
223.6;0.55745
233.6;0.50862
243.6;0.46384
253.6;0.42180
263.6;0.38306
273.6;0.34720
283.6;0.31491
293.6;0.28365
303.6;0.25575
313.6;0.22932
323.6;0.20521
333.6;0.18291
343.6;0.16288
353.6;0.14399
363.6;0.12676
373.6;0.11119
383.6;0.09645
393.6;0.08395
403.6;0.07276
410.6;0.06553
End:; 
Origin of data [Measured/Computed]:; Measured
Machine/Treatment room:; ptRoom1PBS_RF4_241230
Snout name:; ptRoom1PBS_RF4
Range modulator name:; RF4
Radiation type:; Carbon
Curve type [Depth/X/Y/AbsoluteDosimetry]:; Depth
Medium:; Water
Single spot [Yes/No]:; Yes
Isocenter to snout distance [mm]:; 680
Isocenter to phantom surface distance [mm]:; 150
Detector lateral shape [Quadratic/Circular]:; Quadratic
Detector lateral side/diameter [mm]:; 80
Nominal beam energy [MeV]:; 3289.56
Measured dose curve (Depth [mm] Dose [a.u.]):; 
10.6;5.50000
20.6;5.55600
30.6;5.62250
40.6;5.68670
50.6;5.78520
60.6;5.89000
70.6;6.04920
80.6;6.25540
90.6;6.51200
91.6;6.56050
96.6;6.72970
101.6;6.96200
106.6;7.26160
111.6;7.58750
116.6;8.07580
118.6;8.30490
120.6;8.55220
122.6;8.83340
124.6;9.18950
126.6;9.55580
127.1;9.66280
127.6;9.76080
128.1;9.89150
128.6;10.01700
129.1;10.17300
129.6;10.30800
130.1;10.45200
130.6;10.62700
131.1;10.79700
131.6;10.96200
132.1;11.15400
132.6;11.35500
133.1;11.58600
133.6;11.82000
134.1;12.25700
134.6;12.48300
135.1;12.79500
135.6;13.15600
136.1;13.61600
136.6;14.16600
136.8;14.39100
137.0;14.68300
137.2;14.98200
137.4;15.41200
137.6;15.89600
137.8;16.34000
138.0;16.77200
138.2;17.32400
138.4;17.68300
138.6;17.92800
138.8;18.06500
139.0;17.96500
139.2;17.85000
139.4;17.67800
139.6;17.49200
139.8;17.31400
140.0;17.07500
140.2;16.82200
140.4;16.61200
140.6;16.22500
140.8;15.92900
141.0;15.49000
141.2;15.17400
141.4;14.72500
141.6;14.36300
141.8;13.81700
142.0;13.36600
142.2;12.86300
142.4;12.23200
142.6;11.71700
142.8;10.92500
143.0;10.20500
143.2;9.57890
143.4;8.74940
143.6;7.90910
143.8;7.25190
144.0;6.26950
144.2;5.59630
144.4;4.72460
144.6;4.09200
144.8;3.44760
145.0;2.84340
145.2;2.48310
145.4;2.16700
145.6;2.02060
146.1;1.88980
146.6;1.85820
147.1;1.82850
147.6;1.80870
148.1;1.78820
148.6;1.77150
149.1;1.75010
149.6;1.73080
150.1;1.71460
150.6;1.70250
152.6;1.62860
154.6;1.56370
156.6;1.50900
158.6;1.44920
160.6;1.38800
162.6;1.33630
164.6;1.28510
165.6;1.26030
175.6;1.03530
185.6;0.86681
195.6;0.75557
205.6;0.68503
215.6;0.62609
225.6;0.57286
235.6;0.52390
245.6;0.47880
255.6;0.43554
265.6;0.39628
275.6;0.36026
285.6;0.32540
295.6;0.29409
305.6;0.26533
315.6;0.23860
325.6;0.21470
335.6;0.19185
345.6;0.17095
355.6;0.15196
365.6;0.13376
375.6;0.11776
385.6;0.10267
395.6;0.08970
405.6;0.07764
410.6;0.07247
End:; 
Origin of data [Measured/Computed]:; Measured
Machine/Treatment room:; ptRoom1PBS_RF4_241230
Snout name:; ptRoom1PBS_RF4
Range modulator name:; RF4
Radiation type:; Carbon
Curve type [Depth/X/Y/AbsoluteDosimetry]:; Depth
Medium:; Water
Single spot [Yes/No]:; Yes
Isocenter to snout distance [mm]:; 680
Isocenter to phantom surface distance [mm]:; 150
Detector lateral shape [Quadratic/Circular]:; Quadratic
Detector lateral side/diameter [mm]:; 80
Nominal beam energy [MeV]:; 3315.36
Measured dose curve (Depth [mm] Dose [a.u.]):; 
10.6;5.55060
20.6;5.59360
30.6;5.65770
40.6;5.72050
50.6;5.81410
60.6;5.93030
70.6;6.07430
80.6;6.26830
90.6;6.54000
93.6;6.62430
98.6;6.81340
103.6;7.02870
108.6;7.31320
113.6;7.69500
118.6;8.16650
120.6;8.38640
122.6;8.67490
124.6;8.98800
126.6;9.32450
128.6;9.71340
129.1;9.82010
129.6;9.93510
130.1;10.05800
130.6;10.18600
131.1;10.34000
131.6;10.48600
132.1;10.66000
132.6;10.79500
133.1;10.95100
133.6;11.15800
134.1;11.36300
134.6;11.57600
135.1;11.79800
135.6;12.07000
136.1;12.39200
136.6;12.71200
137.1;13.10000
137.6;13.52800
138.1;14.11900
138.6;14.77600
138.8;15.14700
139.0;15.48500
139.2;15.93800
139.4;16.35000
139.6;16.79200
139.8;17.45200
140.0;17.88000
140.2;17.98800
140.4;18.10100
140.6;18.09700
140.8;17.98800
141.0;17.86400
141.2;17.70700
141.4;17.58600
141.6;17.39200
141.8;17.09000
142.0;16.87700
142.2;16.45500
142.4;16.27000
142.6;15.75100
142.8;15.31400
143.0;15.04600
143.2;14.45200
143.4;14.05800
143.6;13.52600
143.8;12.97800
144.0;12.44200
144.2;11.78100
144.4;11.09000
144.6;10.29000
144.8;9.61470
145.0;8.82690
145.2;8.07440
145.4;7.20680
145.6;6.48760
145.8;5.68470
146.0;4.83380
146.2;4.12330
146.4;3.50920
146.6;2.90940
146.8;2.53490
147.0;2.23320
147.2;2.07470
147.4;1.97220
147.6;1.93120
148.1;1.88880
148.6;1.86610
149.1;1.84150
149.6;1.82070
150.1;1.79980
150.6;1.78490
151.1;1.76260
151.6;1.74450
152.1;1.72550
152.6;1.71030
154.6;1.64480
156.6;1.57620
158.6;1.51460
160.6;1.45700
162.6;1.40430
164.6;1.34850
166.6;1.29650
167.6;1.27160
177.6;1.04800
187.6;0.87909
197.6;0.76774
207.6;0.69579
217.6;0.63707
227.6;0.58430
237.6;0.53324
247.6;0.48783
257.6;0.44456
267.6;0.40438
277.6;0.36753
287.6;0.33390
297.6;0.30154
307.6;0.27260
317.6;0.24616
327.6;0.22069
337.6;0.19727
347.6;0.17654
357.6;0.15658
367.6;0.13842
377.6;0.12167
387.6;0.10701
397.6;0.09304
407.6;0.08109
410.6;0.07794
End:; 
Origin of data [Measured/Computed]:; Measured
Machine/Treatment room:; ptRoom1PBS_RF4_241230
Snout name:; ptRoom1PBS_RF4
Range modulator name:; RF4
Radiation type:; Carbon
Curve type [Depth/X/Y/AbsoluteDosimetry]:; Depth
Medium:; Water
Single spot [Yes/No]:; Yes
Isocenter to snout distance [mm]:; 680
Isocenter to phantom surface distance [mm]:; 150
Detector lateral shape [Quadratic/Circular]:; Quadratic
Detector lateral side/diameter [mm]:; 80
Nominal beam energy [MeV]:; 3341.04
Measured dose curve (Depth [mm] Dose [a.u.]):; 
10.6;5.57870
20.6;5.63440
30.6;5.68430
40.6;5.76970
50.6;5.86100
60.6;5.96690
70.6;6.10640
80.6;6.29210
90.6;6.54030
95.6;6.70120
100.6;6.90520
105.6;7.12060
110.6;7.42660
115.6;7.79050
120.6;8.28450
122.6;8.53370
124.6;8.81070
126.6;9.12030
128.6;9.46690
130.6;9.87710
131.1;10.00000
131.6;10.11700
132.1;10.24900
132.6;10.37700
133.1;10.50000
133.6;10.63900
134.1;10.81600
134.6;10.96200
135.1;11.14100
135.6;11.33500
136.1;11.53600
136.6;11.80100
137.1;12.05300
137.6;12.33900
138.1;12.63500
138.6;12.99700
139.1;13.38800
139.6;13.86300
140.1;14.44100
140.6;15.24100
140.8;15.60100
141.0;16.04300
141.2;16.47300
141.4;16.96100
141.6;17.39400
141.8;17.82900
142.0;18.07200
142.2;18.21600
142.4;18.22000
142.6;18.11600
142.8;17.95000
143.0;17.76600
143.2;17.59800
143.4;17.38200
143.6;17.18600
143.8;16.87500
144.0;16.59600
144.2;16.19800
144.4;15.80800
144.6;15.38700
144.8;14.99700
145.0;14.54700
145.2;14.08300
145.4;13.59700
145.6;13.02800
145.8;12.45900
146.0;11.77300
146.2;11.09800
146.4;10.38800
146.6;9.59450
146.8;8.84160
147.0;8.01620
147.2;7.21920
147.4;6.35520
147.6;5.56720
147.8;4.87010
148.0;4.07780
148.2;3.44880
148.4;2.90310
148.6;2.50810
148.8;2.23290
149.0;2.09300
149.2;1.99580
149.4;1.95540
149.6;1.93380
150.1;1.90270
150.6;1.88460
151.1;1.86200
151.6;1.84020
152.1;1.82190
152.6;1.80160
153.1;1.78220
153.6;1.76480
154.1;1.74520
154.6;1.72950
156.6;1.66090
158.6;1.59580
160.6;1.53650
162.6;1.47720
164.6;1.41950
166.6;1.36420
168.6;1.31310
169.6;1.29160
179.6;1.06640
189.6;0.89506
199.6;0.78191
209.6;0.70762
219.6;0.64991
229.6;0.59485
239.6;0.54545
249.6;0.49930
259.6;0.45610
269.6;0.41465
279.6;0.37724
289.6;0.34244
299.6;0.31133
309.6;0.28110
319.6;0.25383
329.6;0.22841
339.6;0.20494
349.6;0.18274
359.6;0.16312
369.6;0.14452
379.6;0.12786
389.6;0.11221
399.6;0.09828
409.6;0.08542
410.6;0.08433
End:; 
Origin of data [Measured/Computed]:; Measured
Machine/Treatment room:; ptRoom1PBS_RF4_241230
Snout name:; ptRoom1PBS_RF4
Range modulator name:; RF4
Radiation type:; Carbon
Curve type [Depth/X/Y/AbsoluteDosimetry]:; Depth
Medium:; Water
Single spot [Yes/No]:; Yes
Isocenter to snout distance [mm]:; 680
Isocenter to phantom surface distance [mm]:; 150
Detector lateral shape [Quadratic/Circular]:; Quadratic
Detector lateral side/diameter [mm]:; 80
Nominal beam energy [MeV]:; 3366.72
Measured dose curve (Depth [mm] Dose [a.u.]):; 
10.6;5.42830
20.6;5.48620
30.6;5.54180
40.6;5.60220
50.6;5.66820
60.6;5.75790
70.6;5.88150
80.6;6.06180
90.6;6.29570
97.6;6.49350
102.6;6.68350
107.6;6.90420
112.6;7.16850
117.6;7.52340
122.6;8.01310
124.6;8.25520
126.6;8.52960
128.6;8.82570
130.6;9.16710
132.6;9.57180
133.1;9.69340
133.6;9.80760
134.1;9.94050
134.6;10.05500
135.1;10.19900
135.6;10.34900
136.1;10.50800
136.6;10.67200
137.1;10.84500
137.6;11.01800
138.1;11.21900
138.6;11.45000
139.1;11.71200
139.6;11.96900
140.1;12.29300
140.6;12.65500
141.1;13.03100
141.6;13.53200
142.1;14.08800
142.6;14.85300
142.8;15.19000
143.0;15.59700
143.2;16.06500
143.4;16.61200
143.6;17.02300
143.8;17.39800
144.0;17.62100
144.2;17.76600
144.4;17.78000
144.6;17.69400
144.8;17.60700
145.0;17.44300
145.2;17.31500
145.4;17.17500
145.6;16.96000
145.8;16.72200
146.0;16.42100
146.2;16.10700
146.4;15.74000
146.6;15.36000
146.8;14.91100
147.0;14.48900
147.2;14.07300
147.4;13.60800
147.6;13.07200
147.8;12.45900
148.0;11.82900
148.2;11.15000
148.4;10.44500
148.6;9.68750
148.8;8.84680
149.0;8.09120
149.2;7.24190
149.4;6.39270
149.6;5.57840
149.8;4.80300
150.0;4.04790
150.2;3.43040
150.4;2.91380
150.6;2.51080
150.8;2.24000
151.0;2.08480
151.2;1.99350
151.4;1.95480
151.6;1.92940
152.1;1.90110
152.6;1.87750
153.1;1.86070
153.6;1.83930
154.1;1.81550
154.6;1.80010
155.1;1.78260
155.6;1.76290
156.1;1.74740
156.6;1.72730
158.6;1.65890
160.6;1.59830
162.6;1.54380
164.6;1.48520
166.6;1.42860
168.6;1.37540
170.6;1.32550
171.6;1.30030
181.6;1.07630
191.6;0.90376
201.6;0.78720
211.6;0.71394
221.6;0.65387
231.6;0.59977
241.6;0.55021
251.6;0.50462
261.6;0.46035
271.6;0.42168
281.6;0.38447
291.6;0.34958
301.6;0.31734
311.6;0.28681
321.6;0.25980
331.6;0.23380
341.6;0.20979
351.6;0.18854
361.6;0.16834
371.6;0.14942
381.6;0.13240
391.6;0.11666
401.6;0.10252
410.6;0.09065
End:; 
Origin of data [Measured/Computed]:; Measured
Machine/Treatment room:; ptRoom1PBS_RF4_241230
Snout name:; ptRoom1PBS_RF4
Range modulator name:; RF4
Radiation type:; Carbon
Curve type [Depth/X/Y/AbsoluteDosimetry]:; Depth
Medium:; Water
Single spot [Yes/No]:; Yes
Isocenter to snout distance [mm]:; 680
Isocenter to phantom surface distance [mm]:; 150
Detector lateral shape [Quadratic/Circular]:; Quadratic
Detector lateral side/diameter [mm]:; 80
Nominal beam energy [MeV]:; 3392.28
Measured dose curve (Depth [mm] Dose [a.u.]):; 
10.7;5.57960
20.7;5.62190
30.7;5.66830
40.7;5.73620
50.7;5.80830
60.7;5.89420
70.7;6.01530
80.7;6.17660
90.7;6.40240
99.7;6.66020
104.7;6.85400
109.7;7.09510
114.7;7.38580
119.7;7.76220
124.7;8.25240
126.7;8.47630
128.7;8.75500
130.7;9.04860
132.7;9.41000
134.7;9.81660
135.2;9.91940
135.7;10.03700
136.2;10.15700
136.7;10.28500
137.2;10.42200
137.7;10.57600
138.2;10.73700
138.7;10.87700
139.2;11.05100
139.7;11.23900
140.2;11.45500
140.7;11.69400
141.2;11.94300
141.7;12.20700
142.2;12.52000
142.7;12.87600
143.2;13.28100
143.7;13.78000
144.2;14.38500
144.7;15.15200
144.9;15.51800
145.1;15.90500
145.3;16.40300
145.5;16.84500
145.7;17.33400
145.9;17.76400
146.1;18.05300
146.3;18.19200
146.5;18.22800
146.7;18.14100
146.9;17.94900
147.1;17.75700
147.3;17.57700
147.5;17.35400
147.7;17.06000
147.9;16.74600
148.1;16.38100
148.3;15.98500
148.5;15.56500
148.7;15.10700
148.9;14.63100
149.1;14.14700
149.3;13.64300
149.5;13.10300
149.7;12.52400
149.9;11.90600
150.1;11.24300
150.3;10.59600
150.5;9.90510
150.7;9.13400
150.9;8.42320
151.1;7.65710
151.3;6.90400
151.5;6.14130
151.7;5.40180
151.9;4.71080
152.1;4.04720
152.3;3.42290
152.5;2.94930
152.7;2.58920
152.9;2.29790
153.1;2.12890
153.3;2.03510
153.5;1.98580
153.7;1.95660
154.2;1.92490
154.7;1.90160
155.2;1.87980
155.7;1.86050
156.2;1.84190
156.7;1.82250
157.2;1.80540
157.7;1.78400
158.2;1.76410
158.7;1.74800
160.7;1.68290
162.7;1.62050
164.7;1.56190
166.7;1.50270
168.7;1.44590
170.7;1.39380
172.7;1.34610
173.7;1.32120
183.7;1.09690
193.7;0.92160
203.7;0.80374
213.7;0.72663
223.7;0.66793
233.7;0.61312
243.7;0.56291
253.7;0.51598
263.7;0.47229
273.7;0.43188
283.7;0.39426
293.7;0.35908
303.7;0.32626
313.7;0.29586
323.7;0.26777
333.7;0.24140
343.7;0.21731
353.7;0.19480
363.7;0.17400
373.7;0.15487
383.7;0.13760
393.7;0.12192
403.7;0.10725
410.7;0.09732
End:; 
Origin of data [Measured/Computed]:; Measured
Machine/Treatment room:; ptRoom1PBS_RF4_241230
Snout name:; ptRoom1PBS_RF4
Range modulator name:; RF4
Radiation type:; Carbon
Curve type [Depth/X/Y/AbsoluteDosimetry]:; Depth
Medium:; Water
Single spot [Yes/No]:; Yes
Isocenter to snout distance [mm]:; 680
Isocenter to phantom surface distance [mm]:; 150
Detector lateral shape [Quadratic/Circular]:; Quadratic
Detector lateral side/diameter [mm]:; 80
Nominal beam energy [MeV]:; 3417.72
Measured dose curve (Depth [mm] Dose [a.u.]):; 
10.7;5.58580
20.7;5.63700
30.7;5.68310
40.7;5.73760
50.7;5.81270
60.7;5.90930
70.7;6.02050
80.7;6.17320
90.7;6.38940
100.7;6.67420
101.7;6.71010
106.7;6.89280
111.7;7.14100
116.7;7.44230
121.7;7.80260
126.7;8.32450
128.7;8.56230
130.7;8.84450
132.7;9.14810
134.7;9.50990
136.7;9.93580
137.2;10.03800
137.7;10.16000
138.2;10.27000
138.7;10.42900
139.2;10.56600
139.7;10.71700
140.2;10.87500
140.7;11.03800
141.2;11.20400
141.7;11.42300
142.2;11.63000
142.7;11.90200
143.2;12.17000
143.7;12.45300
144.2;12.78200
144.7;13.17800
145.2;13.66200
145.7;14.21000
146.2;14.88900
146.7;15.84700
146.9;16.25600
147.1;16.69700
147.3;17.26700
147.5;17.61100
147.7;18.02200
147.9;18.16300
148.1;18.19900
148.3;18.14600
148.5;18.00000
148.7;17.81800
148.9;17.65300
149.1;17.37900
149.3;17.10600
149.5;16.81300
149.7;16.43200
149.9;16.08400
150.1;15.62400
150.3;15.12900
150.5;14.68800
150.7;14.18300
150.9;13.62400
151.1;13.12900
151.3;12.63500
151.5;11.90000
151.7;11.44100
151.9;10.66200
152.1;10.00000
152.3;9.35460
152.5;8.59010
152.7;7.86690
152.9;6.97490
153.1;6.35580
153.3;5.57610
153.5;4.90930
153.7;4.28370
153.9;3.65600
154.1;3.07960
154.3;2.68800
154.5;2.39450
154.7;2.19940
154.9;2.08480
155.1;2.01100
155.3;1.97920
155.5;1.96380
155.7;1.95120
156.2;1.92620
156.7;1.90730
157.2;1.88430
157.7;1.86370
158.2;1.84510
158.7;1.82920
159.2;1.81130
159.7;1.78950
160.2;1.77570
160.7;1.75640
162.7;1.69300
164.7;1.63200
166.7;1.57230
168.7;1.51470
170.7;1.46010
172.7;1.40650
174.7;1.35610
175.7;1.33040
185.7;1.10740
195.7;0.93109
205.7;0.81077
215.7;0.73496
225.7;0.67506
235.7;0.61978
245.7;0.57065
255.7;0.52404
265.7;0.48054
275.7;0.43844
285.7;0.40108
295.7;0.36542
305.7;0.33243
315.7;0.30191
325.7;0.27330
335.7;0.24613
345.7;0.22222
355.7;0.19981
365.7;0.17890
375.7;0.15973
385.7;0.14180
395.7;0.12538
405.7;0.11063
410.7;0.10391
End:; 
Origin of data [Measured/Computed]:; Measured
Machine/Treatment room:; ptRoom1PBS_RF4_241230
Snout name:; ptRoom1PBS_RF4
Range modulator name:; RF4
Radiation type:; Carbon
Curve type [Depth/X/Y/AbsoluteDosimetry]:; Depth
Medium:; Water
Single spot [Yes/No]:; Yes
Isocenter to snout distance [mm]:; 680
Isocenter to phantom surface distance [mm]:; 150
Detector lateral shape [Quadratic/Circular]:; Quadratic
Detector lateral side/diameter [mm]:; 80
Nominal beam energy [MeV]:; 3443.16
Measured dose curve (Depth [mm] Dose [a.u.]):; 
10.7;5.54240
20.7;5.58810
30.7;5.63010
40.7;5.68120
50.7;5.74310
60.7;5.82330
70.7;5.93330
80.7;6.07960
90.7;6.26170
100.7;6.54030
103.7;6.62850
108.7;6.82610
113.7;7.05050
118.7;7.35690
123.7;7.72900
128.7;8.21790
130.7;8.45080
132.7;8.71460
134.7;9.03460
136.7;9.38270
138.7;9.79180
139.2;9.90990
139.7;10.01100
140.2;10.16300
140.7;10.27200
141.2;10.42200
141.7;10.55900
142.2;10.75400
142.7;10.91400
143.2;11.08400
143.7;11.30100
144.2;11.49100
144.7;11.75600
145.2;12.00500
145.7;12.28300
146.2;12.58400
146.7;13.01000
147.2;13.42500
147.7;13.99900
148.2;14.60000
148.7;15.58600
148.9;16.00100
149.1;16.45600
149.3;16.83800
149.5;17.25800
149.7;17.57100
149.9;17.82100
150.1;17.89500
150.3;17.77700
150.5;17.68700
150.7;17.52400
150.9;17.35700
151.1;17.15600
151.3;16.89600
151.5;16.67600
151.7;16.35100
151.9;15.96200
152.1;15.56100
152.3;15.14100
152.5;14.70600
152.7;14.38500
152.9;13.72800
153.1;13.29700
153.3;12.84700
153.5;12.16400
153.7;11.70400
153.9;10.83100
154.1;10.20500
154.3;9.65330
154.5;8.92150
154.7;8.03260
154.9;7.48190
155.1;6.60040
155.3;5.91080
155.5;5.08650
155.7;4.46440
155.9;3.81070
156.1;3.19760
156.3;2.78850
156.5;2.44100
156.7;2.23680
156.9;2.08800
157.1;2.01920
157.3;1.97880
157.5;1.95670
157.7;1.94640
158.2;1.92000
158.7;1.89940
159.2;1.87830
159.7;1.85850
160.2;1.84070
160.7;1.82170
161.2;1.80530
161.7;1.78760
162.2;1.76950
162.7;1.75280
164.7;1.68840
166.7;1.62450
168.7;1.56740
170.7;1.51050
172.7;1.45660
174.7;1.40360
176.7;1.35380
177.7;1.33040
187.7;1.10940
197.7;0.93511
207.7;0.81425
217.7;0.73828
227.7;0.67764
237.7;0.62477
247.7;0.57400
257.7;0.52685
267.7;0.48336
277.7;0.44255
287.7;0.40470
297.7;0.36931
307.7;0.33589
317.7;0.30586
327.7;0.27734
337.7;0.25092
347.7;0.22720
357.7;0.20374
367.7;0.18355
377.7;0.16387
387.7;0.14602
397.7;0.12982
407.7;0.11481
410.7;0.11023
End:; 
Origin of data [Measured/Computed]:; Measured
Machine/Treatment room:; ptRoom1PBS_RF4_241230
Snout name:; ptRoom1PBS_RF4
Range modulator name:; RF4
Radiation type:; Carbon
Curve type [Depth/X/Y/AbsoluteDosimetry]:; Depth
Medium:; Water
Single spot [Yes/No]:; Yes
Isocenter to snout distance [mm]:; 680
Isocenter to phantom surface distance [mm]:; 150
Detector lateral shape [Quadratic/Circular]:; Quadratic
Detector lateral side/diameter [mm]:; 80
Nominal beam energy [MeV]:; 3468.48
Measured dose curve (Depth [mm] Dose [a.u.]):; 
10.7;5.52530
20.7;5.56300
30.7;5.59970
40.7;5.65610
50.7;5.71860
60.7;5.79920
70.7;5.88980
80.7;6.02440
90.7;6.21400
100.7;6.46210
105.7;6.62840
110.7;6.81550
115.7;7.04840
120.7;7.32970
125.7;7.70400
130.7;8.20160
132.7;8.43340
134.7;8.70360
136.7;9.03020
138.7;9.36410
140.7;9.75500
141.2;9.86920
141.7;9.98010
142.2;10.13900
142.7;10.27500
143.2;10.42500
143.7;10.57300
144.2;10.71500
144.7;10.89900
145.2;11.07900
145.7;11.25600
146.2;11.49000
146.7;11.69300
147.2;11.98900
147.7;12.27500
148.2;12.58700
148.7;12.99200
149.2;13.38300
149.7;13.95600
150.2;14.65500
150.7;15.54500
150.9;15.95200
151.1;16.46000
151.3;16.92600
151.5;17.35500
151.7;17.70800
151.9;17.96200
152.1;17.96900
152.3;17.92300
152.5;17.78500
152.7;17.60400
152.9;17.38700
153.1;17.17000
153.3;16.89300
153.5;16.61700
153.7;16.25700
153.9;15.89000
154.1;15.47300
154.3;15.01600
154.5;14.56600
154.7;14.06200
154.9;13.55600
155.1;13.07300
155.3;12.54800
155.5;11.95500
155.7;11.38000
155.9;10.70600
156.1;10.00700
156.3;9.42570
156.5;8.71010
156.7;8.02810
156.9;7.22860
157.1;6.51880
157.3;5.78880
157.5;5.15630
157.7;4.50390
157.9;3.89760
158.1;3.30820
158.3;2.81260
158.5;2.48500
158.7;2.26730
158.9;2.11500
159.1;2.03370
159.3;1.99240
159.5;1.96910
159.7;1.95690
160.2;1.93410
160.7;1.90950
161.2;1.89310
161.7;1.87250
162.2;1.85330
162.7;1.83720
163.2;1.81910
163.7;1.80280
164.2;1.78390
164.7;1.76860
166.7;1.70110
168.7;1.64070
170.7;1.58300
172.7;1.52730
174.7;1.47370
176.7;1.42090
178.7;1.37050
179.7;1.34550
189.7;1.12460
199.7;0.94931
209.7;0.82588
219.7;0.74654
229.7;0.68560
239.7;0.63158
249.7;0.58245
259.7;0.53556
269.7;0.49089
279.7;0.44957
289.7;0.41155
299.7;0.37553
309.7;0.34354
319.7;0.31280
329.7;0.28398
339.7;0.25736
349.7;0.23218
359.7;0.20971
369.7;0.18820
379.7;0.16935
389.7;0.15124
399.7;0.13463
409.7;0.11943
410.7;0.11756
End:; 
Origin of data [Measured/Computed]:; Measured
Machine/Treatment room:; ptRoom1PBS_RF4_241230
Snout name:; ptRoom1PBS_RF4
Range modulator name:; RF4
Radiation type:; Carbon
Curve type [Depth/X/Y/AbsoluteDosimetry]:; Depth
Medium:; Water
Single spot [Yes/No]:; Yes
Isocenter to snout distance [mm]:; 680
Isocenter to phantom surface distance [mm]:; 150
Detector lateral shape [Quadratic/Circular]:; Quadratic
Detector lateral side/diameter [mm]:; 80
Nominal beam energy [MeV]:; 3493.68
Measured dose curve (Depth [mm] Dose [a.u.]):; 
10.7;5.52090
20.7;5.56620
30.7;5.59890
40.7;5.64440
50.7;5.70310
60.7;5.78130
70.7;5.87810
80.7;6.00920
90.7;6.16470
100.7;6.40670
107.7;6.61130
112.7;6.80620
117.7;7.03600
122.7;7.33490
127.7;7.70960
132.7;8.19750
134.7;8.44740
136.7;8.70730
138.7;9.00820
140.7;9.33770
142.7;9.75060
143.2;9.87100
143.7;9.98400
144.2;10.10300
144.7;10.23600
145.2;10.37200
145.7;10.50700
146.2;10.65900
146.7;10.83000
147.2;11.03500
147.7;11.21100
148.2;11.42500
148.7;11.65200
149.2;11.90500
149.7;12.18300
150.2;12.53600
150.7;12.89500
151.2;13.38700
151.7;13.91100
152.2;14.61500
152.7;15.52300
152.9;15.96700
153.1;16.39600
153.3;16.94500
153.5;17.35600
153.7;17.74200
153.9;18.00200
154.1;18.17200
154.3;18.15600
154.5;17.91500
154.7;17.71900
154.9;17.51200
155.1;17.20300
155.3;16.89000
155.5;16.56100
155.7;16.18500
155.9;15.79200
156.1;15.37100
156.3;14.87200
156.5;14.43200
156.7;13.85000
156.9;13.36300
157.1;12.71800
157.3;12.28200
157.5;11.46100
157.7;10.76700
157.9;10.27100
158.1;9.41910
158.3;8.79750
158.5;8.34070
158.7;7.58670
158.9;6.97260
159.1;6.23560
159.3;5.56860
159.5;4.99920
159.7;4.36120
159.9;3.73100
160.1;3.23430
160.3;2.83380
160.5;2.49380
160.7;2.26910
160.9;2.13440
161.1;2.04380
161.3;2.00070
161.5;1.97520
161.7;1.95830
162.2;1.93380
162.7;1.91190
163.2;1.89390
163.7;1.87540
164.2;1.85620
164.7;1.84040
165.2;1.82510
165.7;1.80430
166.2;1.79000
166.7;1.77020
168.7;1.71000
170.7;1.64450
172.7;1.58890
174.7;1.53080
176.7;1.47710
178.7;1.42410
180.7;1.37710
181.7;1.35380
191.7;1.13520
201.7;0.95833
211.7;0.83419
221.7;0.75304
231.7;0.69147
241.7;0.63851
251.7;0.58926
261.7;0.54218
271.7;0.49731
281.7;0.45688
291.7;0.41781
301.7;0.38330
311.7;0.34991
321.7;0.31878
331.7;0.29026
341.7;0.26270
351.7;0.23790
361.7;0.21457
371.7;0.19364
381.7;0.17357
391.7;0.15549
401.7;0.13808
410.7;0.12443
End:; 
Origin of data [Measured/Computed]:; Measured
Machine/Treatment room:; ptRoom1PBS_RF4_241230
Snout name:; ptRoom1PBS_RF4
Range modulator name:; RF4
Radiation type:; Carbon
Curve type [Depth/X/Y/AbsoluteDosimetry]:; Depth
Medium:; Water
Single spot [Yes/No]:; Yes
Isocenter to snout distance [mm]:; 680
Isocenter to phantom surface distance [mm]:; 150
Detector lateral shape [Quadratic/Circular]:; Quadratic
Detector lateral side/diameter [mm]:; 80
Nominal beam energy [MeV]:; 3518.88
Measured dose curve (Depth [mm] Dose [a.u.]):; 
10.7;2.81590
20.7;2.83440
30.7;2.85630
40.7;2.87880
50.7;2.91920
60.7;2.95210
70.7;3.00940
80.7;3.07390
90.7;3.15010
100.7;3.26010
109.7;3.39380
114.7;3.49540
119.7;3.62900
124.7;3.77720
129.7;3.96920
134.7;4.21190
136.7;4.34900
138.7;4.47950
140.7;4.63670
142.7;4.81920
144.7;5.00910
145.2;5.07480
145.7;5.13080
146.2;5.21770
146.7;5.27100
147.2;5.32750
147.7;5.39840
148.2;5.46800
148.7;5.54870
149.2;5.64370
149.7;5.74240
150.2;5.86210
150.7;5.97500
151.2;6.12670
151.7;6.26880
152.2;6.43500
152.7;6.63280
153.2;6.85860
153.7;7.14640
154.2;7.52820
154.7;8.01830
154.9;8.21650
155.1;8.42660
155.3;8.60980
155.5;8.78030
155.7;8.87200
155.9;8.92960
156.1;8.93090
156.3;8.88720
156.5;8.84380
156.7;8.80480
156.9;8.71140
157.1;8.62350
157.3;8.52070
157.5;8.40110
157.7;8.26590
157.9;8.10800
158.1;7.93030
158.3;7.73570
158.5;7.53670
158.7;7.33330
158.9;7.09840
159.1;6.86440
159.3;6.57470
159.5;6.27130
159.7;5.93990
159.9;5.56750
160.1;5.21350
160.3;4.89860
160.5;4.57910
160.7;4.24170
160.9;3.87350
161.1;3.52260
161.3;3.11760
161.5;2.69610
161.7;2.28240
161.9;1.90820
162.1;1.59210
162.3;1.33670
162.5;1.19850
162.7;1.11080
162.9;1.05970
163.1;1.03670
163.3;1.02440
163.5;1.02130
163.7;1.01760
164.2;1.00730
164.7;0.99782
165.2;0.98825
165.7;0.97726
166.2;0.96544
166.7;0.95362
167.2;0.94292
167.7;0.93289
168.2;0.92234
168.7;0.91416
170.7;0.88264
172.7;0.85026
174.7;0.82409
176.7;0.79764
178.7;0.76813
180.7;0.74074
182.7;0.71701
183.7;0.70676
193.7;0.59195
203.7;0.49967
213.7;0.43270
223.7;0.38999
233.7;0.35971
243.7;0.33172
253.7;0.30657
263.7;0.28215
273.7;0.25890
283.7;0.23715
293.7;0.21722
303.7;0.19899
313.7;0.18171
323.7;0.16590
333.7;0.15077
343.7;0.13730
353.7;0.12440
363.7;0.11231
373.7;0.10121
383.7;0.09086
393.7;0.08168
403.7;0.07277
410.7;0.06698
End:; 
Origin of data [Measured/Computed]:; Measured
Machine/Treatment room:; ptRoom1PBS_RF4_241230
Snout name:; ptRoom1PBS_RF4
Range modulator name:; RF4
Radiation type:; Carbon
Curve type [Depth/X/Y/AbsoluteDosimetry]:; Depth
Medium:; Water
Single spot [Yes/No]:; Yes
Isocenter to snout distance [mm]:; 680
Isocenter to phantom surface distance [mm]:; 150
Detector lateral shape [Quadratic/Circular]:; Quadratic
Detector lateral side/diameter [mm]:; 80
Nominal beam energy [MeV]:; 3543.96
Measured dose curve (Depth [mm] Dose [a.u.]):; 
10.7;6.10610
20.7;6.10610
30.7;6.16380
40.7;6.16380
50.7;6.22160
60.7;6.29870
70.7;6.37570
80.7;6.51060
90.7;6.68390
100.7;6.89580
110.7;7.18470
115.7;7.35810
120.7;7.60850
125.7;7.91670
130.7;8.32120
135.7;8.89900
136.7;8.97610
138.7;9.22650
140.7;9.49620
142.7;9.82360
144.7;10.17000
146.7;10.63300
147.2;10.67100
147.7;10.80600
148.2;10.86400
148.7;11.01800
149.2;11.19100
149.7;11.28800
150.2;11.49900
150.7;11.69200
151.2;11.94200
151.7;12.15400
152.2;12.42400
152.7;12.65500
153.2;12.84800
153.7;13.09800
154.2;13.59900
154.7;13.90700
155.2;14.52400
155.7;15.21700
156.2;16.04500
156.7;17.27800
156.9;17.66300
157.1;17.97100
157.3;18.54900
157.5;18.93500
157.7;19.16600
157.9;19.26200
158.1;18.97300
158.3;18.78000
158.5;18.62600
158.7;18.51100
158.9;18.08700
159.1;17.81700
159.3;17.54800
159.5;17.20100
159.7;16.73900
159.9;16.25700
160.1;15.81400
160.3;15.31300
160.5;14.73500
160.7;14.19600
160.9;13.67600
161.1;13.11700
161.3;12.59700
161.5;11.86500
161.7;11.32600
161.9;10.42100
162.1;9.66950
162.3;8.93760
162.5;8.14780
162.7;7.35810
162.9;6.58760
163.1;5.85560
163.3;5.25850
163.5;4.44950
163.7;3.91020
163.9;3.35160
164.1;2.92780
164.3;2.63890
164.5;2.42700
164.7;2.27290
164.9;2.19590
165.1;2.15730
165.3;2.13810
165.5;2.11880
165.7;2.09960
166.2;2.08030
166.7;2.06100
167.2;2.02250
167.7;2.00320
168.2;1.98400
168.7;1.96470
169.2;1.94550
169.7;1.92620
170.2;1.90690
170.7;1.88770
172.7;1.82990
174.7;1.77210
176.7;1.69510
178.7;1.63730
180.7;1.57950
182.7;1.52170
184.7;1.46390
185.7;1.44460
195.7;1.21350
205.7;1.02090
215.7;0.90531
225.7;0.80900
235.7;0.75122
245.7;0.69343
255.7;0.63565
265.7;0.59712
275.7;0.53934
285.7;0.50081
295.7;0.46229
305.7;0.42376
315.7;0.38524
325.7;0.34672
335.7;0.30819
345.7;0.28893
355.7;0.26967
365.7;0.23114
375.7;0.21188
385.7;0.19262
395.7;0.17336
405.7;0.15410
410.7;0.13483
End:; 
Origin of data [Measured/Computed]:; Measured
Machine/Treatment room:; ptRoom1PBS_RF4_241230
Snout name:; ptRoom1PBS_RF4
Range modulator name:; RF4
Radiation type:; Carbon
Curve type [Depth/X/Y/AbsoluteDosimetry]:; Depth
Medium:; Water
Single spot [Yes/No]:; Yes
Isocenter to snout distance [mm]:; 680
Isocenter to phantom surface distance [mm]:; 150
Detector lateral shape [Quadratic/Circular]:; Quadratic
Detector lateral side/diameter [mm]:; 80
Nominal beam energy [MeV]:; 3569.04
Measured dose curve (Depth [mm] Dose [a.u.]):; 
10.8;5.65400
20.8;5.69470
30.8;5.74350
40.8;5.78560
50.8;5.82920
60.8;5.84220
70.8;5.96970
80.8;6.04990
90.8;6.19720
100.8;6.39090
110.8;6.64180
113.8;6.75160
118.8;6.92660
123.8;7.16390
128.8;7.47720
133.8;7.89530
138.8;8.36480
140.8;8.57940
142.8;8.80650
144.8;9.10330
146.8;9.41630
148.8;9.84140
149.3;9.91710
149.8;9.99350
150.3;10.07600
150.8;10.29800
151.3;10.36800
151.8;10.63300
152.3;10.80100
152.8;10.95900
153.3;11.13300
153.8;11.39500
154.3;11.59100
154.8;11.78500
155.3;12.08700
155.8;12.40000
156.3;12.65200
156.8;13.10700
157.3;13.59900
157.8;14.08200
158.3;14.85300
158.8;15.73100
159.0;16.19700
159.2;16.70000
159.4;17.08500
159.6;17.51600
159.8;17.65400
160.0;17.81200
160.2;17.55500
160.4;17.46100
160.6;17.32100
160.8;17.05700
161.0;16.85900
161.2;16.52500
161.4;16.23300
161.6;15.81800
161.8;15.46300
162.0;14.99900
162.2;14.54600
162.4;14.14700
162.6;13.67200
162.8;13.34000
163.0;12.74700
163.2;12.28100
163.4;11.83500
163.6;11.21200
163.8;10.62200
164.0;10.03400
164.2;9.24170
164.4;8.54130
164.6;7.83410
164.8;7.16790
165.0;6.49480
165.2;5.79920
165.4;5.07400
165.6;4.42650
165.8;3.85550
166.0;3.33650
166.2;2.89820
166.4;2.56800
166.6;2.32160
166.8;2.15510
167.0;2.04750
167.2;2.00230
167.4;1.96630
167.6;1.95700
167.8;1.93130
168.3;1.91440
168.8;1.88630
169.3;1.87860
169.8;1.85440
170.3;1.84160
170.8;1.83750
171.3;1.81390
171.8;1.80370
172.3;1.79170
172.8;1.77710
174.8;1.69700
176.8;1.65160
178.8;1.59350
180.8;1.53990
182.8;1.48470
184.8;1.42730
186.8;1.37630
187.8;1.35500
197.8;1.13980
207.8;0.96749
217.8;0.83849
227.8;0.75486
237.8;0.69637
247.8;0.64807
257.8;0.59974
267.8;0.55227
277.8;0.50881
287.8;0.46959
297.8;0.42765
307.8;0.39107
317.8;0.35613
327.8;0.32750
337.8;0.30053
347.8;0.27353
357.8;0.24894
367.8;0.22481
377.8;0.20513
387.8;0.18471
397.8;0.16528
407.8;0.14869
410.8;0.14438
End:; 
Origin of data [Measured/Computed]:; Measured
Machine/Treatment room:; ptRoom1PBS_RF4_241230
Snout name:; ptRoom1PBS_RF4
Range modulator name:; RF4
Radiation type:; Carbon
Curve type [Depth/X/Y/AbsoluteDosimetry]:; Depth
Medium:; Water
Single spot [Yes/No]:; Yes
Isocenter to snout distance [mm]:; 680
Isocenter to phantom surface distance [mm]:; 150
Detector lateral shape [Quadratic/Circular]:; Quadratic
Detector lateral side/diameter [mm]:; 80
Nominal beam energy [MeV]:; 3594
Measured dose curve (Depth [mm] Dose [a.u.]):; 
10.8;5.32980
20.8;5.35810
30.8;5.36900
40.8;5.36420
50.8;5.43560
60.8;5.48950
70.8;5.50510
80.8;5.59870
90.8;5.73260
100.8;5.90200
110.8;6.17200
116.8;6.36180
121.8;6.50690
126.8;6.78580
131.8;7.02840
136.8;7.42040
141.8;7.94360
143.8;8.15830
145.8;8.34970
147.8;8.69450
149.8;9.02290
151.8;9.50420
152.3;9.54090
152.8;9.62590
153.3;9.79700
153.8;9.92510
154.3;10.13400
154.8;10.20700
155.3;10.42900
155.8;10.55800
156.3;10.75800
156.8;11.01200
157.3;11.31800
157.8;11.48300
158.3;11.87300
158.8;12.27600
159.3;12.73800
159.8;13.33600
160.3;14.06800
160.8;14.94600
161.3;16.00900
161.8;16.93300
162.0;17.00900
162.2;16.91000
162.4;16.69200
162.6;16.46300
162.8;16.16700
163.0;15.91100
163.2;15.56800
163.4;15.30600
163.6;14.92200
163.8;14.47500
164.0;14.10900
164.2;13.50100
164.4;12.94900
164.6;12.47500
164.8;11.96100
165.0;11.49700
165.2;11.01700
165.4;10.57800
165.6;10.03400
165.8;9.36970
166.0;8.77530
166.2;8.26270
166.4;7.66270
166.6;7.06160
166.8;6.50930
167.0;5.85470
167.2;5.29220
167.4;4.71220
167.6;4.22070
167.8;3.67010
168.0;3.20030
168.2;2.78580
168.4;2.45480
168.6;2.23580
168.8;2.08360
169.0;1.97530
169.2;1.92790
169.4;1.90680
169.6;1.88170
169.8;1.87260
170.3;1.85290
170.8;1.83370
171.3;1.80610
171.8;1.80090
172.3;1.78290
172.8;1.76460
173.3;1.75670
173.8;1.73410
174.3;1.70890
174.8;1.69580
176.8;1.63390
178.8;1.57490
180.8;1.51400
182.8;1.46330
184.8;1.41700
186.8;1.36540
188.8;1.31230
189.8;1.28890
199.8;1.08830
209.8;0.92755
219.8;0.81342
229.8;0.73454
239.8;0.67181
249.8;0.62203
259.8;0.57558
269.8;0.53096
279.8;0.48589
289.8;0.44505
299.8;0.41251
309.8;0.37733
319.8;0.34630
329.8;0.31754
339.8;0.29071
349.8;0.26705
359.8;0.24272
369.8;0.21995
379.8;0.19953
389.8;0.18100
399.8;0.16321
409.8;0.14625
410.8;0.14465
End:; 
Origin of data [Measured/Computed]:; Measured
Machine/Treatment room:; ptRoom1PBS_RF4_241230
Snout name:; ptRoom1PBS_RF4
Range modulator name:; RF4
Radiation type:; Carbon
Curve type [Depth/X/Y/AbsoluteDosimetry]:; Depth
Medium:; Water
Single spot [Yes/No]:; Yes
Isocenter to snout distance [mm]:; 680
Isocenter to phantom surface distance [mm]:; 150
Detector lateral shape [Quadratic/Circular]:; Quadratic
Detector lateral side/diameter [mm]:; 80
Nominal beam energy [MeV]:; 3618.84
Measured dose curve (Depth [mm] Dose [a.u.]):; 
10.8;5.08350
20.8;5.12070
30.8;5.14750
40.8;5.16600
50.8;5.21370
60.8;5.22170
70.8;5.28590
80.8;5.35590
90.8;5.48350
100.8;5.61220
110.8;5.85480
117.8;6.06940
122.8;6.25610
127.8;6.48840
132.8;6.72450
137.8;7.13460
142.8;7.57050
144.8;7.79380
146.8;8.03930
148.8;8.32590
150.8;8.69230
152.8;9.00130
153.3;9.09710
153.8;9.21310
154.3;9.22720
154.8;9.25080
155.3;9.44570
155.8;9.65440
156.3;9.78360
156.8;9.91920
157.3;10.12500
157.8;10.32800
158.3;10.48800
158.8;10.66800
159.3;10.87100
159.8;11.23700
160.3;11.60800
160.8;11.92000
161.3;12.44800
161.8;13.07300
162.3;13.85500
162.8;14.89900
163.0;15.22800
163.2;15.68300
163.4;16.15400
163.6;16.38300
163.8;16.46600
164.0;16.46800
164.2;16.34100
164.4;16.23700
164.6;15.88400
164.8;15.54500
165.0;15.24600
165.2;14.87600
165.4;14.51400
165.6;14.22700
165.8;13.84800
166.0;13.27700
166.2;12.85600
166.4;12.32300
166.6;11.89100
166.8;11.35600
167.0;10.91800
167.2;10.29400
167.4;9.77760
167.6;9.20890
167.8;8.74960
168.0;8.11390
168.2;7.50280
168.4;6.95090
168.6;6.32710
168.8;5.84340
169.0;5.24970
169.2;4.65890
169.4;4.11860
169.6;3.64560
169.8;3.15950
170.0;2.75180
170.2;2.42960
170.4;2.17570
170.6;2.01860
170.8;1.92070
171.0;1.86460
171.2;1.83690
171.4;1.81870
171.6;1.80810
171.8;1.81000
172.3;1.79170
172.8;1.76900
173.3;1.74960
173.8;1.73700
174.3;1.71470
174.8;1.71070
175.3;1.69370
175.8;1.67160
176.3;1.66440
176.8;1.64420
178.8;1.57420
180.8;1.53220
182.8;1.48770
184.8;1.43510
186.8;1.38740
188.8;1.34210
190.8;1.29020
191.8;1.26060
201.8;1.06800
211.8;0.92083
221.8;0.80275
231.8;0.71887
241.8;0.66299
251.8;0.61167
261.8;0.57018
271.8;0.52446
281.8;0.48292
291.8;0.44790
301.8;0.41016
311.8;0.37891
321.8;0.34531
331.8;0.31797
341.8;0.29182
351.8;0.26713
361.8;0.24262
371.8;0.22218
381.8;0.20068
391.8;0.18003
401.8;0.16236
410.8;0.14834
End:; 
Origin of data [Measured/Computed]:; Measured
Machine/Treatment room:; ptRoom1PBS_RF4_241230
Snout name:; ptRoom1PBS_RF4
Range modulator name:; RF4
Radiation type:; Carbon
Curve type [Depth/X/Y/AbsoluteDosimetry]:; Depth
Medium:; Water
Single spot [Yes/No]:; Yes
Isocenter to snout distance [mm]:; 680
Isocenter to phantom surface distance [mm]:; 150
Detector lateral shape [Quadratic/Circular]:; Quadratic
Detector lateral side/diameter [mm]:; 80
Nominal beam energy [MeV]:; 3643.68
Measured dose curve (Depth [mm] Dose [a.u.]):; 
10.8;4.98710
20.8;5.00780
30.8;5.00940
40.8;5.03760
50.8;5.03100
60.8;5.08610
70.8;5.16180
80.8;5.23160
90.8;5.37990
100.8;5.54660
110.8;5.72120
119.8;5.93950
124.8;6.12300
129.8;6.31110
134.8;6.56300
139.8;6.90900
144.8;7.33260
146.8;7.59030
148.8;7.84040
150.8;8.08960
152.8;8.38150
154.8;8.76160
155.3;8.90480
155.8;8.96510
156.3;9.09220
156.8;9.15150
157.3;9.27130
157.8;9.37820
158.3;9.53760
158.8;9.77500
159.3;9.91900
159.8;10.06700
160.3;10.25000
160.8;10.38500
161.3;10.66600
161.8;10.95800
162.3;11.32900
162.8;11.71300
163.3;12.06300
163.8;12.64400
164.3;13.33300
164.8;14.31500
165.0;14.71900
165.2;15.10600
165.4;15.42600
165.6;15.63900
165.8;15.84600
166.0;15.88100
166.2;15.81600
166.4;15.75600
166.6;15.46300
166.8;15.36700
167.0;15.05100
167.2;14.69400
167.4;14.27400
167.6;13.95700
167.8;13.58300
168.0;13.26200
168.2;12.83400
168.4;12.28200
168.6;11.94700
168.8;11.32800
169.0;11.00900
169.2;10.57200
169.4;10.00100
169.6;9.42190
169.8;8.85990
170.0;8.30680
170.2;7.67100
170.4;6.93060
170.6;6.49530
170.8;5.78610
171.0;5.27620
171.2;4.69800
171.4;4.18260
171.6;3.68830
171.8;3.22250
172.0;2.83220
172.2;2.49600
172.4;2.25820
172.6;2.06800
172.8;1.96550
173.0;1.90080
173.2;1.85810
173.4;1.82700
173.6;1.81920
173.8;1.81330
174.3;1.79400
174.8;1.76620
175.3;1.75570
175.8;1.73430
176.3;1.72540
176.8;1.71120
177.3;1.69010
177.8;1.66890
178.3;1.64460
178.8;1.63260
180.8;1.58100
182.8;1.53200
184.8;1.48730
186.8;1.43570
188.8;1.38250
190.8;1.33740
192.8;1.29390
193.8;1.27680
203.8;1.08190
213.8;0.92057
223.8;0.80037
233.8;0.72145
243.8;0.66118
253.8;0.61095
263.8;0.56297
273.8;0.51936
283.8;0.48298
293.8;0.44497
303.8;0.40873
313.8;0.37311
323.8;0.34443
333.8;0.31682
343.8;0.29098
353.8;0.26470
363.8;0.24229
373.8;0.21958
383.8;0.19930
393.8;0.18125
403.8;0.16340
410.8;0.15139
End:; 
Origin of data [Measured/Computed]:; Measured
Machine/Treatment room:; ptRoom1PBS_RF4_241230
Snout name:; ptRoom1PBS_RF4
Range modulator name:; RF4
Radiation type:; Carbon
Curve type [Depth/X/Y/AbsoluteDosimetry]:; Depth
Medium:; Water
Single spot [Yes/No]:; Yes
Isocenter to snout distance [mm]:; 680
Isocenter to phantom surface distance [mm]:; 150
Detector lateral shape [Quadratic/Circular]:; Quadratic
Detector lateral side/diameter [mm]:; 80
Nominal beam energy [MeV]:; 3668.52
Measured dose curve (Depth [mm] Dose [a.u.]):; 
10.8;2.77690
20.8;2.78310
30.8;2.78940
40.8;2.80090
50.8;2.81470
60.8;2.84120
70.8;2.87440
80.8;2.92320
90.8;2.98280
100.8;3.06590
110.8;3.14870
120.8;3.28470
121.8;3.30170
126.8;3.39000
131.8;3.50430
136.8;3.65310
141.8;3.84010
146.8;4.08280
148.8;4.19180
150.8;4.31790
152.8;4.44880
154.8;4.64060
156.8;4.82290
157.3;4.87500
157.8;4.93900
158.3;4.99360
158.8;5.05330
159.3;5.12700
159.8;5.18490
160.3;5.28580
160.8;5.37640
161.3;5.44350
161.8;5.52320
162.3;5.62680
162.8;5.73920
163.3;5.85980
163.8;6.00070
164.3;6.16100
164.8;6.35960
165.3;6.56090
165.8;6.81680
166.3;7.15130
166.8;7.58830
167.0;7.82560
167.2;8.03920
167.4;8.23420
167.6;8.40890
167.8;8.56160
168.0;8.60320
168.2;8.66200
168.4;8.63150
168.6;8.56720
168.8;8.45840
169.0;8.38090
169.2;8.25080
169.4;8.11590
169.6;7.97330
169.8;7.82610
170.0;7.66870
170.2;7.48250
170.4;7.26820
170.6;7.03580
170.8;6.77080
171.0;6.52430
171.2;6.28780
171.4;5.99450
171.6;5.71310
171.8;5.40980
172.0;5.10770
172.2;4.82710
172.4;4.46000
172.6;4.13000
172.8;3.89110
173.0;3.55410
173.2;3.28050
173.4;2.96640
173.6;2.65480
173.8;2.34670
174.0;2.03860
174.2;1.73900
174.4;1.49370
174.6;1.31080
174.8;1.18270
175.0;1.10670
175.2;1.05550
175.4;1.03130
175.6;1.01780
175.8;1.01240
176.3;1.00040
176.8;0.99300
177.3;0.98420
177.8;0.97413
178.3;0.96647
178.8;0.95577
179.3;0.94529
179.8;0.94074
180.3;0.93159
180.8;0.92065
182.8;0.88921
184.8;0.86175
186.8;0.83345
188.8;0.80524
190.8;0.77831
192.8;0.75291
194.8;0.72878
195.8;0.71710
205.8;0.60712
215.8;0.51920
225.8;0.45173
235.8;0.40411
245.8;0.37083
255.8;0.34340
265.8;0.31921
275.8;0.29540
285.8;0.27312
295.8;0.25159
305.8;0.23190
315.8;0.21457
325.8;0.19717
335.8;0.18125
345.8;0.16610
355.8;0.15189
365.8;0.13894
375.8;0.12663
385.8;0.11523
395.8;0.10485
405.8;0.09500
410.8;0.09024
End:; 
Origin of data [Measured/Computed]:; Measured
Machine/Treatment room:; ptRoom1PBS_RF4_241230
Snout name:; ptRoom1PBS_RF4
Range modulator name:; RF4
Radiation type:; Carbon
Curve type [Depth/X/Y/AbsoluteDosimetry]:; Depth
Medium:; Water
Single spot [Yes/No]:; Yes
Isocenter to snout distance [mm]:; 680
Isocenter to phantom surface distance [mm]:; 150
Detector lateral shape [Quadratic/Circular]:; Quadratic
Detector lateral side/diameter [mm]:; 80
Nominal beam energy [MeV]:; 3693.24
Measured dose curve (Depth [mm] Dose [a.u.]):; 
10.8;4.66700
20.8;4.68440
30.8;4.74320
40.8;4.76470
50.8;4.80950
60.8;4.78360
70.8;4.81920
80.8;4.91930
90.8;4.97750
100.8;5.09060
110.8;5.24740
120.8;5.46090
123.8;5.56260
128.8;5.72440
133.8;5.92940
138.8;6.15190
143.8;6.46510
148.8;6.90800
150.8;7.11880
152.8;7.29250
154.8;7.53770
156.8;7.80770
158.8;8.15740
159.3;8.22230
159.8;8.30230
160.3;8.39280
160.8;8.54790
161.3;8.66200
161.8;8.80990
162.3;8.95710
162.8;9.07800
163.3;9.26000
163.8;9.46520
164.3;9.62480
164.8;9.77190
165.3;10.03500
165.8;10.23100
166.3;10.47000
166.8;10.74900
167.3;11.09500
167.8;11.60200
168.3;12.22600
168.8;13.10000
169.0;13.47300
169.2;13.83200
169.4;14.22500
169.6;14.35400
169.8;14.56400
170.0;14.54800
170.2;14.21500
170.4;14.07700
170.6;14.01000
170.8;13.78100
171.0;13.63100
171.2;13.44600
171.4;13.29700
171.6;13.06800
171.8;12.80700
172.0;12.48500
172.2;12.10000
172.4;11.81800
172.6;11.50000
172.8;11.11800
173.0;10.74800
173.2;10.38300
173.4;9.89810
173.6;9.39130
173.8;8.93010
174.0;8.43440
174.2;7.92430
174.4;7.25360
174.6;6.68270
174.8;6.08280
175.0;5.48860
175.2;4.84790
175.4;4.22560
175.6;3.72610
175.8;3.27750
176.0;2.79880
176.2;2.44690
176.4;2.19450
176.6;1.99750
176.8;1.87900
177.0;1.79220
177.2;1.74880
177.4;1.72400
177.6;1.71090
177.8;1.70180
178.3;1.68060
178.8;1.66280
179.3;1.65520
179.8;1.63630
180.3;1.61850
180.8;1.60410
181.3;1.59710
181.8;1.58000
182.3;1.56100
182.8;1.54680
184.8;1.49160
186.8;1.44320
188.8;1.39910
190.8;1.35890
192.8;1.32240
194.8;1.28060
196.8;1.24050
197.8;1.22150
207.8;1.03830
217.8;0.89189
227.8;0.77327
237.8;0.68853
247.8;0.63240
257.8;0.59014
267.8;0.54211
277.8;0.50321
287.8;0.46256
297.8;0.42880
307.8;0.39537
317.8;0.36353
327.8;0.33633
337.8;0.30930
347.8;0.28361
357.8;0.25889
367.8;0.23526
377.8;0.21603
387.8;0.19607
397.8;0.17871
407.8;0.16189
410.8;0.15786
End:; 
Origin of data [Measured/Computed]:; Measured
Machine/Treatment room:; ptRoom1PBS_RF4_241230
Snout name:; ptRoom1PBS_RF4
Range modulator name:; RF4
Radiation type:; Carbon
Curve type [Depth/X/Y/AbsoluteDosimetry]:; Depth
Medium:; Water
Single spot [Yes/No]:; Yes
Isocenter to snout distance [mm]:; 680
Isocenter to phantom surface distance [mm]:; 150
Detector lateral shape [Quadratic/Circular]:; Quadratic
Detector lateral side/diameter [mm]:; 80
Nominal beam energy [MeV]:; 3717.84
Measured dose curve (Depth [mm] Dose [a.u.]):; 
10.8;4.57870
20.8;4.61200
30.8;4.61760
40.8;4.63580
50.8;4.64120
60.8;4.68580
70.8;4.71700
80.8;4.74910
90.8;4.83230
100.8;4.93950
110.8;5.08130
120.8;5.28860
125.8;5.43070
130.8;5.56390
135.8;5.75710
140.8;5.98150
145.8;6.27440
150.8;6.68070
152.8;6.89150
154.8;7.13380
156.8;7.33580
158.8;7.59980
160.8;7.91980
161.3;8.00090
161.8;8.11720
162.3;8.26230
162.8;8.32600
163.3;8.43040
163.8;8.54190
164.3;8.67630
164.8;8.81200
165.3;9.01520
165.8;9.14470
166.3;9.33950
166.8;9.54890
167.3;9.80940
167.8;10.07500
168.3;10.37900
168.8;10.72300
169.3;11.19600
169.8;11.75400
170.3;12.53700
170.8;13.38400
171.0;13.67300
171.2;13.96300
171.4;14.07700
171.6;14.11200
171.8;14.12000
172.0;14.03300
172.2;13.80900
172.4;13.68700
172.6;13.49900
172.8;13.28200
173.0;13.02600
173.2;12.78000
173.4;12.47800
173.6;12.20000
173.8;11.75700
174.0;11.35700
174.2;11.03700
174.4;10.61600
174.6;10.28300
174.8;9.79810
175.0;9.39290
175.2;9.00580
175.4;8.53600
175.6;8.02990
175.8;7.46570
176.0;6.95420
176.2;6.32180
176.4;5.77390
176.6;5.23000
176.8;4.69720
177.0;4.16390
177.2;3.67130
177.4;3.16960
177.6;2.78190
177.8;2.44800
178.0;2.15880
178.2;1.95290
178.4;1.83180
178.6;1.74670
178.8;1.70750
179.0;1.68770
179.2;1.67210
179.4;1.66200
179.6;1.65370
179.8;1.64500
180.3;1.63130
180.8;1.62490
181.3;1.60580
181.8;1.59320
182.3;1.57660
182.8;1.56910
183.3;1.55260
183.8;1.54460
184.3;1.52800
184.8;1.51170
186.8;1.46210
188.8;1.40480
190.8;1.35650
192.8;1.31630
194.8;1.27800
196.8;1.24250
198.8;1.19970
199.8;1.18220
209.8;1.01180
219.8;0.86544
229.8;0.75127
239.8;0.67683
249.8;0.62302
259.8;0.57574
269.8;0.52993
279.8;0.49418
289.8;0.45730
299.8;0.42426
309.8;0.38951
319.8;0.35940
329.8;0.33076
339.8;0.30308
349.8;0.27783
359.8;0.25371
369.8;0.23303
379.8;0.21242
389.8;0.19369
399.8;0.17653
409.8;0.16032
410.8;0.15909
End:; 
Origin of data [Measured/Computed]:; Measured
Machine/Treatment room:; ptRoom1PBS_RF4_241230
Snout name:; ptRoom1PBS_RF4
Range modulator name:; RF4
Radiation type:; Carbon
Curve type [Depth/X/Y/AbsoluteDosimetry]:; Depth
Medium:; Water
Single spot [Yes/No]:; Yes
Isocenter to snout distance [mm]:; 680
Isocenter to phantom surface distance [mm]:; 150
Detector lateral shape [Quadratic/Circular]:; Quadratic
Detector lateral side/diameter [mm]:; 80
Nominal beam energy [MeV]:; 3742.44
Measured dose curve (Depth [mm] Dose [a.u.]):; 
10.9;4.50670
20.9;4.53280
30.9;4.52420
40.9;4.53330
50.9;4.54800
60.9;4.55330
70.9;4.58950
80.9;4.65550
90.9;4.75840
100.9;4.88670
110.9;5.02440
120.9;5.19670
127.9;5.35530
132.9;5.47530
137.9;5.66420
142.9;5.90940
147.9;6.19600
152.9;6.59250
154.9;6.78650
156.9;7.03150
158.9;7.22720
160.9;7.47410
162.9;7.79200
163.4;7.88020
163.9;7.97050
164.4;8.08620
164.9;8.20630
165.4;8.30170
165.9;8.43500
166.4;8.57560
166.9;8.71980
167.4;8.90250
167.9;9.04190
168.4;9.27510
168.9;9.44340
169.4;9.66400
169.9;9.94880
170.4;10.24200
170.9;10.61400
171.4;11.03700
171.9;11.55400
172.4;12.34900
172.9;13.24400
173.1;13.57600
173.3;13.80700
173.5;13.98700
173.7;14.01100
173.9;13.98400
174.1;13.75600
174.3;13.60600
174.5;13.46400
174.7;13.25400
174.9;12.98700
175.1;12.79100
175.3;12.55300
175.5;12.30600
175.7;11.93900
175.9;11.59700
176.1;11.21000
176.3;10.86300
176.5;10.52000
176.7;10.14500
176.9;9.68830
177.1;9.27860
177.3;8.83440
177.5;8.40490
177.7;7.91690
177.9;7.44400
178.1;6.95970
178.3;6.42450
178.5;5.84600
178.7;5.34810
178.9;4.75340
179.1;4.25180
179.3;3.77340
179.5;3.27490
179.7;2.83000
179.9;2.49330
180.1;2.19820
180.3;2.00250
180.5;1.85340
180.7;1.76640
180.9;1.71960
181.1;1.69890
181.3;1.67040
181.5;1.66540
181.7;1.64940
181.9;1.63790
182.4;1.62690
182.9;1.61590
183.4;1.60700
183.9;1.59060
184.4;1.57420
184.9;1.55620
185.4;1.54550
185.9;1.52900
186.4;1.52150
186.9;1.50730
188.9;1.45500
190.9;1.40980
192.9;1.36590
194.9;1.32130
196.9;1.28020
198.9;1.24060
200.9;1.20110
201.9;1.18560
211.9;1.01190
221.9;0.87035
231.9;0.75749
241.9;0.67480
251.9;0.61744
261.9;0.56922
271.9;0.52900
281.9;0.49082
291.9;0.45486
301.9;0.42065
311.9;0.38928
321.9;0.36097
331.9;0.33290
341.9;0.30568
351.9;0.28003
361.9;0.25576
371.9;0.23455
381.9;0.21454
391.9;0.19660
401.9;0.17971
410.9;0.16511
End:; 
Origin of data [Measured/Computed]:; Measured
Machine/Treatment room:; ptRoom1PBS_RF4_241230
Snout name:; ptRoom1PBS_RF4
Range modulator name:; RF4
Radiation type:; Carbon
Curve type [Depth/X/Y/AbsoluteDosimetry]:; Depth
Medium:; Water
Single spot [Yes/No]:; Yes
Isocenter to snout distance [mm]:; 680
Isocenter to phantom surface distance [mm]:; 150
Detector lateral shape [Quadratic/Circular]:; Quadratic
Detector lateral side/diameter [mm]:; 80
Nominal beam energy [MeV]:; 3766.92
Measured dose curve (Depth [mm] Dose [a.u.]):; 
10.9;4.29610
20.9;4.29220
30.9;4.32460
40.9;4.33730
50.9;4.30930
60.9;4.36160
70.9;4.36850
80.9;4.41480
90.9;4.50440
100.9;4.57910
110.9;4.68430
120.9;4.85870
129.9;5.05760
134.9;5.22280
139.9;5.42570
144.9;5.66110
149.9;5.91860
154.9;6.30830
156.9;6.48280
158.9;6.65980
160.9;6.90480
162.9;7.13630
164.9;7.45060
165.4;7.51900
165.9;7.59590
166.4;7.66150
166.9;7.72560
167.4;7.82610
167.9;7.98230
168.4;8.11060
168.9;8.24550
169.4;8.34630
169.9;8.52450
170.4;8.69110
170.9;8.91980
171.4;9.10020
171.9;9.32410
172.4;9.65160
172.9;9.96950
173.4;10.39500
173.9;10.95500
174.4;11.68000
174.9;12.56800
175.1;12.86200
175.3;13.16400
175.5;13.34300
175.7;13.43900
175.9;13.50800
176.1;13.38000
176.3;13.23000
176.5;13.07400
176.7;12.88100
176.9;12.71100
177.1;12.45700
177.3;12.13900
177.5;11.82600
177.7;11.46500
177.9;11.14000
178.1;10.73300
178.3;10.35500
178.5;9.96370
178.7;9.63210
178.9;9.23280
179.1;8.81920
179.3;8.39540
179.5;7.95170
179.7;7.51470
179.9;7.06590
180.1;6.59290
180.3;6.10510
180.5;5.60630
180.7;5.18740
180.9;4.61990
181.1;4.23070
181.3;3.64780
181.5;3.22320
181.7;2.83230
181.9;2.48370
182.1;2.18420
182.3;1.96950
182.5;1.80670
182.7;1.70670
182.9;1.65040
183.1;1.61880
183.3;1.59650
183.5;1.57970
183.7;1.57510
183.9;1.55680
184.4;1.54590
184.9;1.53000
185.4;1.51520
185.9;1.50390
186.4;1.49100
186.9;1.47880
187.4;1.46810
187.9;1.45840
188.4;1.44680
188.9;1.43110
190.9;1.39100
192.9;1.35380
194.9;1.30840
196.9;1.26770
198.9;1.22460
200.9;1.18460
202.9;1.15030
203.9;1.13440
213.9;0.97019
223.9;0.83404
233.9;0.72479
243.9;0.64925
253.9;0.59835
263.9;0.55296
273.9;0.50714
283.9;0.47318
293.9;0.43703
303.9;0.40494
313.9;0.37339
323.9;0.34571
333.9;0.32063
343.9;0.29626
353.9;0.27229
363.9;0.24959
373.9;0.22845
383.9;0.21023
393.9;0.19135
403.9;0.17500
410.9;0.16415
End:; 
Origin of data [Measured/Computed]:; Measured
Machine/Treatment room:; ptRoom1PBS_RF4_241230
Snout name:; ptRoom1PBS_RF4
Range modulator name:; RF4
Radiation type:; Carbon
Curve type [Depth/X/Y/AbsoluteDosimetry]:; Depth
Medium:; Water
Single spot [Yes/No]:; Yes
Isocenter to snout distance [mm]:; 680
Isocenter to phantom surface distance [mm]:; 150
Detector lateral shape [Quadratic/Circular]:; Quadratic
Detector lateral side/diameter [mm]:; 80
Nominal beam energy [MeV]:; 3791.4
Measured dose curve (Depth [mm] Dose [a.u.]):; 
10.9;2.71960
20.9;2.72580
30.9;2.73660
40.9;2.75420
50.9;2.78010
60.9;2.78820
70.9;2.80660
80.9;2.82830
90.9;2.86350
100.9;2.90890
110.9;2.97470
120.9;3.06780
130.9;3.22050
131.9;3.23590
136.9;3.32280
141.9;3.43870
146.9;3.57520
151.9;3.76070
156.9;3.99330
158.9;4.09400
160.9;4.21630
162.9;4.34140
164.9;4.50500
166.9;4.69520
167.4;4.75300
167.9;4.79410
168.4;4.86100
168.9;4.92460
169.4;4.98400
169.9;5.05520
170.4;5.12850
170.9;5.21100
171.4;5.29480
171.9;5.41740
172.4;5.51140
172.9;5.62500
173.4;5.73140
173.9;5.86800
174.4;6.04860
174.9;6.24540
175.4;6.46120
175.9;6.71800
176.4;7.07560
176.9;7.56650
177.1;7.75420
177.3;7.94950
177.5;8.12640
177.7;8.19950
177.9;8.22330
178.1;8.22570
178.3;8.17960
178.5;8.13240
178.7;8.05870
178.9;7.96540
179.1;7.86410
179.3;7.74310
179.5;7.61020
179.7;7.45650
179.9;7.29610
180.1;7.13140
180.3;6.93590
180.5;6.74710
180.7;6.48330
180.9;6.28010
181.1;6.04750
181.3;5.80610
181.5;5.51480
181.7;5.21740
181.9;4.95500
182.1;4.63930
182.3;4.40390
182.5;4.11200
182.7;3.84190
182.9;3.56130
183.1;3.23380
183.3;2.99790
183.5;2.62730
183.7;2.26680
183.9;1.97920
184.1;1.68330
184.3;1.44020
184.5;1.27500
184.7;1.16120
184.9;1.10000
185.1;1.06070
185.3;1.03690
185.5;1.02430
185.7;1.01560
185.9;1.01210
186.4;1.00140
186.9;0.99595
187.4;0.98597
187.9;0.97681
188.4;0.96757
188.9;0.96089
189.4;0.95120
189.9;0.94334
190.4;0.93345
190.9;0.92379
192.9;0.89652
194.9;0.86831
196.9;0.84224
198.9;0.81495
200.9;0.78986
202.9;0.76574
204.9;0.74394
205.9;0.73031
215.9;0.62809
225.9;0.53905
235.9;0.47226
245.9;0.42006
255.9;0.38525
265.9;0.35903
275.9;0.33258
285.9;0.30849
295.9;0.28660
305.9;0.26571
315.9;0.24578
325.9;0.22845
335.9;0.21139
345.9;0.19464
355.9;0.17964
365.9;0.16474
375.9;0.15142
385.9;0.13879
395.9;0.12717
405.9;0.11661
410.9;0.11164
End:; 
Origin of data [Measured/Computed]:; Measured
Machine/Treatment room:; ptRoom1PBS_RF4_241230
Snout name:; ptRoom1PBS_RF4
Range modulator name:; RF4
Radiation type:; Carbon
Curve type [Depth/X/Y/AbsoluteDosimetry]:; Depth
Medium:; Water
Single spot [Yes/No]:; Yes
Isocenter to snout distance [mm]:; 680
Isocenter to phantom surface distance [mm]:; 150
Detector lateral shape [Quadratic/Circular]:; Quadratic
Detector lateral side/diameter [mm]:; 80
Nominal beam energy [MeV]:; 3815.88
Measured dose curve (Depth [mm] Dose [a.u.]):; 
10.9;4.03050
20.9;4.01100
30.9;4.02830
40.9;4.04980
50.9;4.05540
60.9;4.08590
70.9;4.11600
80.9;4.14430
90.9;4.19250
100.9;4.26030
110.9;4.32440
120.9;4.46000
130.9;4.64560
132.9;4.73340
137.9;4.85670
142.9;5.00480
147.9;5.22210
152.9;5.47140
157.9;5.79940
159.9;5.95150
161.9;6.11210
163.9;6.31300
165.9;6.53030
167.9;6.77930
168.4;6.82770
168.9;6.91780
169.4;6.95170
169.9;7.06180
170.4;7.11250
170.9;7.22030
171.4;7.31550
171.9;7.43990
172.4;7.56830
172.9;7.64180
173.4;7.76590
173.9;7.90290
174.4;8.11430
174.9;8.27770
175.4;8.43690
175.9;8.69440
176.4;8.97700
176.9;9.28190
177.4;9.67340
177.9;10.22900
178.1;10.50600
178.3;10.70400
178.5;11.01900
178.7;11.26600
178.9;11.58500
179.1;11.78100
179.3;11.87300
179.5;12.05200
179.7;12.08000
179.9;11.94100
180.1;11.81400
180.3;11.66800
180.5;11.51800
180.7;11.34000
180.9;11.19600
181.1;10.97900
181.3;10.70500
181.5;10.48500
181.7;10.20500
181.9;9.92250
182.1;9.63730
182.3;9.29910
182.5;8.92540
182.7;8.63410
182.9;8.16130
183.1;7.82080
183.3;7.44430
183.5;6.95390
183.7;6.56680
183.9;6.10760
184.1;5.70190
184.3;5.19630
184.5;4.71280
184.7;4.20220
184.9;3.78530
185.1;3.32880
185.3;2.93050
185.5;2.56170
185.7;2.24360
185.9;1.98010
186.1;1.80260
186.3;1.67910
186.5;1.59040
186.7;1.53810
186.9;1.50760
187.4;1.47780
187.9;1.46000
188.4;1.43890
188.9;1.43070
189.4;1.42480
189.9;1.41110
190.4;1.40030
190.9;1.39290
191.4;1.38190
191.9;1.36930
193.9;1.32880
195.9;1.28490
197.9;1.24810
199.9;1.20700
201.9;1.17120
203.9;1.13830
205.9;1.10470
206.9;1.08420
216.9;0.93192
226.9;0.80200
236.9;0.69455
246.9;0.61710
256.9;0.56721
266.9;0.52575
276.9;0.48908
286.9;0.45428
296.9;0.42163
306.9;0.38956
316.9;0.36157
326.9;0.33443
336.9;0.30998
346.9;0.28677
356.9;0.26248
366.9;0.24174
376.9;0.22231
386.9;0.20459
396.9;0.18740
406.9;0.17052
410.9;0.16378
End:; 
Origin of data [Measured/Computed]:; Measured
Machine/Treatment room:; ptRoom1PBS_RF4_241230
Snout name:; ptRoom1PBS_RF4
Range modulator name:; RF4
Radiation type:; Carbon
Curve type [Depth/X/Y/AbsoluteDosimetry]:; Depth
Medium:; Water
Single spot [Yes/No]:; Yes
Isocenter to snout distance [mm]:; 680
Isocenter to phantom surface distance [mm]:; 150
Detector lateral shape [Quadratic/Circular]:; Quadratic
Detector lateral side/diameter [mm]:; 80
Nominal beam energy [MeV]:; 3840.24
Measured dose curve (Depth [mm] Dose [a.u.]):; 
10.9;3.77730
20.9;3.77270
30.9;3.79390
40.9;3.81990
50.9;3.81820
60.9;3.83190
70.9;3.86180
80.9;3.89950
90.9;3.94270
100.9;4.01040
110.9;4.08580
120.9;4.20530
130.9;4.35780
134.9;4.45550
139.9;4.56330
144.9;4.72380
149.9;4.91920
154.9;5.14340
159.9;5.47430
161.9;5.61600
163.9;5.76340
165.9;5.95720
167.9;6.18130
169.9;6.42500
170.4;6.47450
170.9;6.54130
171.4;6.60330
171.9;6.67210
172.4;6.75590
172.9;6.85560
173.4;6.92820
173.9;7.04100
174.4;7.13240
174.9;7.23640
175.4;7.36320
175.9;7.47450
176.4;7.60390
176.9;7.79900
177.4;7.97970
177.9;8.17210
178.4;8.40710
178.9;8.68680
179.4;9.07900
179.9;9.47920
180.1;9.69190
180.3;9.98390
180.5;10.26400
180.7;10.48400
180.9;10.71100
181.1;10.85100
181.3;11.07000
181.5;11.23000
181.7;11.28600
181.9;11.35200
182.1;11.28700
182.3;11.26300
182.5;11.14300
182.7;10.99700
182.9;10.83200
183.1;10.63600
183.3;10.47800
183.5;10.27200
183.7;10.08500
183.9;9.90530
184.1;9.68310
184.3;9.37280
184.5;9.14910
184.7;8.83070
184.9;8.53570
185.1;8.27240
185.3;7.95660
185.5;7.56920
185.7;7.08790
185.9;6.58640
186.1;6.14980
186.3;5.59520
186.5;5.15170
186.7;4.65710
186.9;4.17610
187.1;3.72470
187.3;3.25630
187.5;2.82980
187.7;2.46170
187.9;2.14820
188.1;1.88540
188.3;1.71670
188.5;1.60290
188.7;1.51930
188.9;1.47650
189.4;1.43540
189.9;1.41500
190.4;1.39830
190.9;1.38990
191.4;1.37130
191.9;1.36330
192.4;1.34800
192.9;1.34160
193.4;1.32680
193.9;1.31770
195.9;1.27190
197.9;1.23340
199.9;1.19970
201.9;1.16970
203.9;1.13340
205.9;1.09780
207.9;1.06740
208.9;1.05080
218.9;0.89859
228.9;0.77632
238.9;0.67402
248.9;0.59676
258.9;0.54745
268.9;0.50866
278.9;0.47168
288.9;0.43847
298.9;0.40865
308.9;0.38109
318.9;0.35299
328.9;0.32555
338.9;0.30131
348.9;0.27786
358.9;0.25654
368.9;0.23611
378.9;0.21832
388.9;0.19932
398.9;0.18344
408.9;0.16730
410.9;0.16493
End:; 
Origin of data [Measured/Computed]:; Measured
Machine/Treatment room:; ptRoom1PBS_RF4_241230
Snout name:; ptRoom1PBS_RF4
Range modulator name:; RF4
Radiation type:; Carbon
Curve type [Depth/X/Y/AbsoluteDosimetry]:; Depth
Medium:; Water
Single spot [Yes/No]:; Yes
Isocenter to snout distance [mm]:; 680
Isocenter to phantom surface distance [mm]:; 150
Detector lateral shape [Quadratic/Circular]:; Quadratic
Detector lateral side/diameter [mm]:; 80
Nominal beam energy [MeV]:; 3864.48
Measured dose curve (Depth [mm] Dose [a.u.]):; 
10.9;3.74870
20.9;3.78440
30.9;3.79900
40.9;3.79470
50.9;3.78650
60.9;3.78420
70.9;3.80000
80.9;3.81150
90.9;3.85820
100.9;3.90920
110.9;4.00560
120.9;4.12000
130.9;4.27850
136.9;4.40720
141.9;4.53490
146.9;4.68580
151.9;4.88980
156.9;5.09160
161.9;5.40040
163.9;5.55600
165.9;5.68790
167.9;5.88630
169.9;6.08010
171.9;6.30570
172.4;6.38620
172.9;6.43250
173.4;6.51360
173.9;6.60070
174.4;6.67550
174.9;6.76430
175.4;6.88080
175.9;6.98010
176.4;7.07380
176.9;7.18480
177.4;7.30910
177.9;7.45910
178.4;7.61090
178.9;7.77550
179.4;7.96380
179.9;8.19720
180.4;8.44040
180.9;8.75080
181.4;9.12440
181.9;9.58910
182.1;9.87650
182.3;10.10000
182.5;10.37800
182.7;10.69600
182.9;10.85000
183.1;11.02000
183.3;11.14900
183.5;11.20300
183.7;11.17100
183.9;11.16500
184.1;11.02800
184.3;10.96600
184.5;10.77700
184.7;10.53500
184.9;10.35200
185.1;10.18900
185.3;9.98590
185.5;9.72090
185.7;9.44480
185.9;9.14020
186.1;8.87890
186.3;8.55300
186.5;8.31310
186.7;7.99290
186.9;7.71450
187.1;7.31400
187.3;6.95420
187.5;6.54930
187.7;6.17120
187.9;5.65490
188.1;5.25240
188.3;4.81050
188.5;4.40150
188.7;3.89970
188.9;3.48440
189.1;3.06980
189.3;2.67340
189.5;2.29560
189.7;2.05310
189.9;1.85010
190.1;1.67320
190.3;1.56370
190.5;1.49720
190.7;1.45540
190.9;1.43050
191.4;1.40520
191.9;1.38620
192.4;1.37290
192.9;1.36250
193.4;1.34420
193.9;1.33070
194.4;1.31830
194.9;1.30930
195.4;1.30110
195.9;1.29390
197.9;1.25390
199.9;1.21100
201.9;1.17090
203.9;1.13680
205.9;1.10030
207.9;1.06420
209.9;1.03810
210.9;1.02200
220.9;0.88073
230.9;0.76158
240.9;0.66216
250.9;0.58964
260.9;0.53716
270.9;0.49654
280.9;0.46407
290.9;0.43261
300.9;0.40047
310.9;0.37084
320.9;0.34342
330.9;0.31918
340.9;0.29612
350.9;0.27495
360.9;0.25348
370.9;0.23486
380.9;0.21588
390.9;0.19881
400.9;0.18131
410.9;0.16592
End:; 
Origin of data [Measured/Computed]:; Measured
Machine/Treatment room:; ptRoom1PBS_RF4_241230
Snout name:; ptRoom1PBS_RF4
Range modulator name:; RF4
Radiation type:; Carbon
Curve type [Depth/X/Y/AbsoluteDosimetry]:; Depth
Medium:; Water
Single spot [Yes/No]:; Yes
Isocenter to snout distance [mm]:; 680
Isocenter to phantom surface distance [mm]:; 150
Detector lateral shape [Quadratic/Circular]:; Quadratic
Detector lateral side/diameter [mm]:; 80
Nominal beam energy [MeV]:; 3888.72
Measured dose curve (Depth [mm] Dose [a.u.]):; 
11.0;3.60450
21.0;3.61000
31.0;3.62000
41.0;3.61460
51.0;3.63050
61.0;3.65450
71.0;3.67210
81.0;3.68890
91.0;3.72490
101.0;3.79250
111.0;3.85540
121.0;3.95100
131.0;4.06540
139.0;4.21060
144.0;4.32220
149.0;4.47450
154.0;4.66140
159.0;4.87470
164.0;5.18010
166.0;5.31670
168.0;5.48180
170.0;5.68190
172.0;5.85700
174.0;6.06270
174.5;6.14640
175.0;6.19080
175.5;6.28300
176.0;6.34510
176.5;6.42340
177.0;6.50560
177.5;6.60270
178.0;6.68660
178.5;6.76120
179.0;6.87830
179.5;7.00910
180.0;7.14320
180.5;7.32860
181.0;7.48400
181.5;7.67240
182.0;7.88500
182.5;8.13770
183.0;8.44730
183.5;8.79730
184.0;9.32020
184.2;9.53730
184.4;9.72780
184.6;9.99350
184.8;10.25900
185.0;10.45900
185.2;10.62500
185.4;10.72800
185.6;10.63600
185.8;10.63400
186.0;10.56500
186.2;10.50400
186.4;10.39400
186.6;10.26500
186.8;10.15700
187.0;10.01300
187.2;9.83780
187.4;9.62850
187.6;9.38240
187.8;9.16120
188.0;8.91370
188.2;8.64370
188.4;8.39970
188.6;8.10690
188.8;7.81150
189.0;7.44220
189.2;7.13260
189.4;6.68830
189.6;6.30140
189.8;5.89720
190.0;5.43310
190.2;4.97650
190.4;4.54080
190.6;4.08120
190.8;3.65240
191.0;3.21450
191.2;2.79810
191.4;2.46150
191.6;2.14520
191.8;1.88370
192.0;1.67420
192.2;1.55110
192.4;1.45800
192.6;1.40330
192.8;1.37250
193.0;1.35260
193.5;1.33210
194.0;1.31890
194.5;1.31150
195.0;1.29880
195.5;1.28890
196.0;1.27660
196.5;1.26240
197.0;1.25070
197.5;1.23790
198.0;1.22980
200.0;1.19270
202.0;1.15960
204.0;1.12620
206.0;1.09040
208.0;1.06470
210.0;1.02770
212.0;0.99855
213.0;0.98635
223.0;0.85354
233.0;0.73842
243.0;0.64361
253.0;0.57178
263.0;0.52131
273.0;0.48520
283.0;0.45091
293.0;0.42046
303.0;0.39274
313.0;0.36490
323.0;0.33838
333.0;0.31342
343.0;0.29030
353.0;0.26733
363.0;0.24753
373.0;0.22773
383.0;0.20914
393.0;0.19273
403.0;0.17706
411.0;0.16550
End:; 
Origin of data [Measured/Computed]:; Measured
Machine/Treatment room:; ptRoom1PBS_RF4_241230
Snout name:; ptRoom1PBS_RF4
Range modulator name:; RF4
Radiation type:; Carbon
Curve type [Depth/X/Y/AbsoluteDosimetry]:; Depth
Medium:; Water
Single spot [Yes/No]:; Yes
Isocenter to snout distance [mm]:; 680
Isocenter to phantom surface distance [mm]:; 150
Detector lateral shape [Quadratic/Circular]:; Quadratic
Detector lateral side/diameter [mm]:; 80
Nominal beam energy [MeV]:; 3912.96
Measured dose curve (Depth [mm] Dose [a.u.]):; 
11.0;3.49220
21.0;3.49540
31.0;3.48920
41.0;3.49720
51.0;3.50460
61.0;3.52030
71.0;3.54110
81.0;3.56700
91.0;3.58420
101.0;3.64450
111.0;3.71340
121.0;3.80360
131.0;3.91640
141.0;4.07250
146.0;4.18480
151.0;4.33770
156.0;4.51160
161.0;4.75190
166.0;5.00880
168.0;5.14730
170.0;5.30680
172.0;5.47090
174.0;5.65960
176.0;5.86840
176.5;5.94780
177.0;6.01660
177.5;6.06390
178.0;6.13580
178.5;6.20010
179.0;6.30680
179.5;6.35500
180.0;6.42350
180.5;6.52180
181.0;6.65160
181.5;6.77380
182.0;6.87040
182.5;7.02360
183.0;7.16400
183.5;7.35480
184.0;7.54080
184.5;7.77310
185.0;8.02760
185.5;8.38530
186.0;8.83220
186.2;9.01430
186.4;9.25090
186.6;9.46320
186.8;9.71240
187.0;9.92090
187.2;10.09200
187.4;10.20200
187.6;10.30800
187.8;10.30000
188.0;10.27200
188.2;10.21200
188.4;10.09100
188.6;10.00600
188.8;9.87720
189.0;9.70900
189.2;9.58250
189.4;9.41520
189.6;9.26590
189.8;9.05760
190.0;8.83940
190.2;8.63820
190.4;8.33450
190.6;8.09920
190.8;7.81700
191.0;7.49230
191.2;7.17380
191.4;6.81570
191.6;6.51820
191.8;6.09870
192.0;5.66540
192.2;5.20700
192.4;4.75440
192.6;4.32600
192.8;3.85370
193.0;3.45960
193.2;3.03850
193.4;2.65190
193.6;2.30460
193.8;2.01670
194.0;1.80420
194.2;1.61870
194.4;1.50180
194.6;1.42880
194.8;1.38520
195.0;1.35860
195.5;1.32770
196.0;1.31470
196.5;1.29640
197.0;1.28760
197.5;1.27750
198.0;1.26090
198.5;1.25420
199.0;1.24310
199.5;1.23230
200.0;1.22500
202.0;1.18570
204.0;1.14050
206.0;1.10690
208.0;1.08200
210.0;1.05040
212.0;1.01810
214.0;0.99342
215.0;0.97642
225.0;0.83772
235.0;0.72491
245.0;0.63311
255.0;0.56563
265.0;0.51617
275.0;0.48005
285.0;0.44632
295.0;0.41729
305.0;0.38732
315.0;0.35858
325.0;0.33357
335.0;0.30951
345.0;0.28686
355.0;0.26529
365.0;0.24591
375.0;0.22677
385.0;0.20928
395.0;0.19298
405.0;0.17679
411.0;0.16823
End:; 
Origin of data [Measured/Computed]:; Measured
Machine/Treatment room:; ptRoom1PBS_RF4_241230
Snout name:; ptRoom1PBS_RF4
Range modulator name:; RF4
Radiation type:; Carbon
Curve type [Depth/X/Y/AbsoluteDosimetry]:; Depth
Medium:; Water
Single spot [Yes/No]:; Yes
Isocenter to snout distance [mm]:; 680
Isocenter to phantom surface distance [mm]:; 150
Detector lateral shape [Quadratic/Circular]:; Quadratic
Detector lateral side/diameter [mm]:; 80
Nominal beam energy [MeV]:; 3937.08
Measured dose curve (Depth [mm] Dose [a.u.]):; 
11.0;3.42070
21.0;3.44070
31.0;3.44760
41.0;3.43970
51.0;3.45180
61.0;3.46150
71.0;3.46670
81.0;3.48890
91.0;3.52050
101.0;3.57490
111.0;3.65390
121.0;3.75170
131.0;3.84510
141.0;4.00830
144.0;4.06080
149.0;4.15910
154.0;4.31200
159.0;4.49680
164.0;4.71590
169.0;5.02110
171.0;5.15140
173.0;5.31270
175.0;5.48220
177.0;5.65270
179.0;5.87320
179.5;5.96340
180.0;6.00880
180.5;6.06250
181.0;6.12830
181.5;6.22730
182.0;6.32500
182.5;6.42410
183.0;6.49700
183.5;6.62080
184.0;6.73960
184.5;6.91930
185.0;7.05670
185.5;7.22400
186.0;7.42430
186.5;7.66760
187.0;7.91070
187.5;8.23190
188.0;8.66380
188.5;9.21510
189.0;9.75460
189.2;9.97940
189.4;10.07900
189.6;10.16500
189.8;10.20600
190.0;10.14800
190.2;10.04200
190.4;9.96160
190.6;9.85710
190.8;9.72750
191.0;9.57600
191.2;9.41180
191.4;9.27690
191.6;9.10070
191.8;8.87940
192.0;8.62880
192.2;8.39550
192.4;8.16580
192.6;7.89790
192.8;7.61310
193.0;7.35330
193.2;7.03190
193.4;6.65860
193.6;6.31840
193.8;5.93030
194.0;5.56670
194.2;5.16930
194.4;4.73520
194.6;4.30760
194.8;3.88120
195.0;3.46020
195.2;3.08470
195.4;2.71170
195.6;2.36520
195.8;2.07980
196.0;1.84560
196.2;1.65870
196.4;1.52620
196.6;1.43300
196.8;1.37510
197.0;1.34090
197.2;1.32260
197.4;1.30810
197.6;1.30190
197.8;1.29410
198.0;1.29130
198.5;1.27420
199.0;1.26200
199.5;1.24980
200.0;1.23880
200.5;1.22990
201.0;1.21320
201.5;1.20500
202.0;1.19720
202.5;1.19080
203.0;1.18040
205.0;1.14600
207.0;1.11220
209.0;1.07670
211.0;1.04510
213.0;1.01310
215.0;0.98361
217.0;0.95149
218.0;0.94265
228.0;0.81872
238.0;0.70994
248.0;0.61927
258.0;0.55090
268.0;0.50539
278.0;0.46717
288.0;0.43797
298.0;0.40735
308.0;0.37982
318.0;0.35423
328.0;0.32861
338.0;0.30715
348.0;0.28453
358.0;0.26224
368.0;0.24412
378.0;0.22475
388.0;0.20764
398.0;0.18988
408.0;0.17455
411.0;0.17008
End:; 
Origin of data [Measured/Computed]:; Measured
Machine/Treatment room:; ptRoom1PBS_RF4_241230
Snout name:; ptRoom1PBS_RF4
Range modulator name:; RF4
Radiation type:; Carbon
Curve type [Depth/X/Y/AbsoluteDosimetry]:; Depth
Medium:; Water
Single spot [Yes/No]:; Yes
Isocenter to snout distance [mm]:; 680
Isocenter to phantom surface distance [mm]:; 150
Detector lateral shape [Quadratic/Circular]:; Quadratic
Detector lateral side/diameter [mm]:; 80
Nominal beam energy [MeV]:; 3961.08
Measured dose curve (Depth [mm] Dose [a.u.]):; 
11.0;3.33310
21.0;3.33270
31.0;3.33790
41.0;3.34120
51.0;3.33270
61.0;3.33420
71.0;3.35070
81.0;3.38060
91.0;3.41620
101.0;3.45890
111.0;3.50240
121.0;3.57010
131.0;3.68050
141.0;3.81970
146.0;3.91240
151.0;4.01990
156.0;4.17290
161.0;4.33750
166.0;4.56130
171.0;4.84110
173.0;4.97530
175.0;5.12390
177.0;5.27060
179.0;5.44170
181.0;5.66080
181.5;5.73260
182.0;5.80860
182.5;5.86680
183.0;5.95870
183.5;6.03110
184.0;6.10510
184.5;6.21110
185.0;6.29790
185.5;6.40540
186.0;6.52310
186.5;6.63860
187.0;6.75530
187.5;6.92520
188.0;7.11130
188.5;7.30800
189.0;7.56680
189.5;7.82840
190.0;8.17160
190.5;8.65270
191.0;9.20440
191.2;9.37340
191.4;9.53490
191.6;9.59210
191.8;9.62510
192.0;9.68750
192.2;9.68130
192.4;9.59230
192.6;9.48510
192.8;9.43230
193.0;9.29920
193.2;9.13570
193.4;8.97690
193.6;8.83640
193.8;8.67690
194.0;8.43660
194.2;8.23990
194.4;7.99760
194.6;7.73430
194.8;7.52060
195.0;7.25760
195.2;7.05180
195.4;6.74550
195.6;6.46570
195.8;6.12070
196.0;5.76810
196.2;5.36190
196.4;4.99690
196.6;4.54970
196.8;4.15950
197.0;3.74490
197.2;3.38900
197.4;2.96220
197.6;2.61690
197.8;2.23990
198.0;1.97050
198.2;1.74830
198.4;1.57330
198.6;1.45740
198.8;1.36510
199.0;1.32490
199.2;1.29590
199.4;1.27730
199.6;1.26790
199.8;1.26260
200.0;1.26020
200.5;1.24180
201.0;1.22880
201.5;1.21510
202.0;1.20050
202.5;1.19410
203.0;1.18470
203.5;1.17840
204.0;1.17260
204.5;1.16110
205.0;1.15080
207.0;1.11570
209.0;1.08410
211.0;1.05170
213.0;1.02500
215.0;0.99846
217.0;0.96815
219.0;0.94143
220.0;0.92838
230.0;0.80426
240.0;0.69890
250.0;0.61047
260.0;0.54070
270.0;0.49481
280.0;0.46015
290.0;0.43090
300.0;0.40383
310.0;0.37704
320.0;0.35051
330.0;0.32644
340.0;0.30261
350.0;0.28073
360.0;0.26035
370.0;0.24080
380.0;0.22237
390.0;0.20575
400.0;0.18984
410.0;0.17510
411.0;0.17457
End:; 
Origin of data [Measured/Computed]:; Measured
Machine/Treatment room:; ptRoom1PBS_RF4_241230
Snout name:; ptRoom1PBS_RF4
Range modulator name:; RF4
Radiation type:; Carbon
Curve type [Depth/X/Y/AbsoluteDosimetry]:; Depth
Medium:; Water
Single spot [Yes/No]:; Yes
Isocenter to snout distance [mm]:; 680
Isocenter to phantom surface distance [mm]:; 150
Detector lateral shape [Quadratic/Circular]:; Quadratic
Detector lateral side/diameter [mm]:; 80
Nominal beam energy [MeV]:; 3985.08
Measured dose curve (Depth [mm] Dose [a.u.]):; 
11.0;3.26880
21.0;3.26560
31.0;3.27790
41.0;3.28330
51.0;3.27940
61.0;3.28160
71.0;3.29350
81.0;3.32200
91.0;3.33290
101.0;3.36090
111.0;3.41210
121.0;3.48940
131.0;3.59050
141.0;3.72170
147.0;3.81900
152.0;3.91940
157.0;4.05430
162.0;4.21200
167.0;4.40270
172.0;4.66170
174.0;4.79500
176.0;4.93480
178.0;5.08990
180.0;5.26300
182.0;5.45240
182.5;5.51280
183.0;5.56110
183.5;5.61480
184.0;5.69140
184.5;5.75770
185.0;5.80940
185.5;5.90430
186.0;5.97280
186.5;6.04200
187.0;6.14740
187.5;6.23730
188.0;6.34500
188.5;6.47900
189.0;6.62710
189.5;6.79610
190.0;6.99720
190.5;7.19220
191.0;7.44600
191.5;7.74880
192.0;8.12920
192.2;8.33060
192.4;8.52570
192.6;8.73800
192.8;8.99560
193.0;9.20880
193.2;9.37810
193.4;9.51040
193.6;9.51970
193.8;9.53560
194.0;9.49190
194.2;9.45600
194.4;9.36510
194.6;9.26810
194.8;9.17340
195.0;9.03740
195.2;8.90420
195.4;8.74120
195.6;8.58220
195.8;8.36340
196.0;8.13210
196.2;7.87500
196.4;7.63050
196.6;7.38980
196.8;7.13890
197.0;6.82740
197.2;6.55490
197.4;6.23360
197.6;5.87920
197.8;5.55450
198.0;5.16600
198.2;4.79510
198.4;4.38690
198.6;3.98690
198.8;3.56250
199.0;3.21300
199.2;2.82210
199.4;2.50700
199.6;2.18650
199.8;1.92150
200.0;1.69780
200.2;1.53840
200.4;1.41970
200.6;1.34530
200.8;1.29690
201.0;1.27040
201.5;1.24110
202.0;1.22960
202.5;1.21980
203.0;1.21140
203.5;1.20100
204.0;1.19320
204.5;1.18290
205.0;1.17380
205.5;1.16440
206.0;1.15680
208.0;1.12870
210.0;1.09160
212.0;1.06010
214.0;1.03210
216.0;1.00390
218.0;0.97397
220.0;0.94846
221.0;0.93269
231.0;0.80714
241.0;0.70364
251.0;0.61599
261.0;0.54776
271.0;0.49737
281.0;0.46018
291.0;0.43091
301.0;0.40251
311.0;0.37440
321.0;0.35013
331.0;0.32521
341.0;0.30135
351.0;0.28083
361.0;0.26146
371.0;0.24204
381.0;0.22389
391.0;0.20619
401.0;0.19015
411.0;0.17584
End:; 
Origin of data [Measured/Computed]:; Measured
Machine/Treatment room:; ptRoom1PBS_RF4_241230
Snout name:; ptRoom1PBS_RF4
Range modulator name:; RF4
Radiation type:; Carbon
Curve type [Depth/X/Y/AbsoluteDosimetry]:; Depth
Medium:; Water
Single spot [Yes/No]:; Yes
Isocenter to snout distance [mm]:; 680
Isocenter to phantom surface distance [mm]:; 150
Detector lateral shape [Quadratic/Circular]:; Quadratic
Detector lateral side/diameter [mm]:; 80
Nominal beam energy [MeV]:; 4009.08
Measured dose curve (Depth [mm] Dose [a.u.]):; 
11.0;3.08730
21.0;3.09100
31.0;3.09190
41.0;3.08400
51.0;3.08070
61.0;3.07970
71.0;3.08210
81.0;3.10190
91.0;3.13750
101.0;3.16140
111.0;3.18870
121.0;3.25070
131.0;3.33090
141.0;3.45050
149.0;3.59570
154.0;3.70270
159.0;3.82770
164.0;3.98960
169.0;4.17290
174.0;4.41390
176.0;4.53380
178.0;4.64150
180.0;4.78790
182.0;4.94860
184.0;5.13200
184.5;5.15020
185.0;5.21270
185.5;5.27090
186.0;5.32630
186.5;5.38620
187.0;5.44410
187.5;5.51810
188.0;5.59870
188.5;5.70150
189.0;5.78060
189.5;5.88140
190.0;6.01040
190.5;6.15060
191.0;6.26430
191.5;6.41550
192.0;6.60270
192.5;6.80640
193.0;7.06840
193.5;7.36840
194.0;7.77590
194.2;7.94640
194.4;8.15580
194.6;8.36400
194.8;8.53720
195.0;8.70950
195.2;8.80710
195.4;8.89870
195.6;8.95500
195.8;8.95180
196.0;8.89080
196.2;8.82970
196.4;8.74930
196.6;8.61920
196.8;8.47960
197.0;8.37190
197.2;8.24880
197.4;8.08320
197.6;7.93250
197.8;7.76060
198.0;7.52090
198.2;7.33040
198.4;7.09600
198.6;6.84730
198.8;6.59890
199.0;6.36970
199.2;6.10790
199.4;5.76000
199.6;5.44690
199.8;5.08630
200.0;4.78920
200.2;4.34380
200.4;4.00200
200.6;3.57760
200.8;3.21510
201.0;2.86120
201.2;2.52560
201.4;2.20950
201.6;1.95720
201.8;1.72260
202.0;1.53210
202.2;1.40360
202.4;1.30820
202.6;1.24990
202.8;1.21490
203.0;1.19410
203.5;1.17450
204.0;1.16070
204.5;1.15480
205.0;1.14540
205.5;1.13840
206.0;1.13180
206.5;1.11800
207.0;1.10960
207.5;1.09980
208.0;1.09340
210.0;1.05890
212.0;1.03030
214.0;0.99790
216.0;0.97114
218.0;0.94374
220.0;0.92018
222.0;0.89503
223.0;0.88272
233.0;0.76689
243.0;0.66565
253.0;0.58154
263.0;0.51753
273.0;0.47261
283.0;0.43814
293.0;0.40868
303.0;0.38140
313.0;0.35737
323.0;0.33192
333.0;0.30857
343.0;0.28680
353.0;0.26484
363.0;0.24577
373.0;0.22721
383.0;0.21129
393.0;0.19511
403.0;0.18002
411.0;0.16919
End:; 
Origin of data [Measured/Computed]:; Measured
Machine/Treatment room:; ptRoom1PBS_RF4_241230
Snout name:; ptRoom1PBS_RF4
Range modulator name:; RF4
Radiation type:; Carbon
Curve type [Depth/X/Y/AbsoluteDosimetry]:; Depth
Medium:; Water
Single spot [Yes/No]:; Yes
Isocenter to snout distance [mm]:; 680
Isocenter to phantom surface distance [mm]:; 150
Detector lateral shape [Quadratic/Circular]:; Quadratic
Detector lateral side/diameter [mm]:; 80
Nominal beam energy [MeV]:; 4032.96
Measured dose curve (Depth [mm] Dose [a.u.]):; 
11.0;3.01400
21.0;3.00770
31.0;2.99080
41.0;2.99440
51.0;2.99850
61.0;2.99750
71.0;3.00560
81.0;3.02210
91.0;3.04750
101.0;3.07470
111.0;3.11480
121.0;3.15200
131.0;3.23330
141.0;3.33220
151.0;3.47630
156.0;3.57550
161.0;3.68300
166.0;3.84690
171.0;4.02420
176.0;4.24680
178.0;4.36550
180.0;4.50530
182.0;4.62910
184.0;4.77950
186.0;4.97060
186.5;5.03040
187.0;5.07270
187.5;5.10150
188.0;5.18270
188.5;5.24400
189.0;5.31950
189.5;5.38570
190.0;5.45640
190.5;5.56300
191.0;5.61830
191.5;5.70070
192.0;5.81850
192.5;5.94130
193.0;6.07670
193.5;6.25470
194.0;6.41740
194.5;6.62850
195.0;6.88940
195.5;7.19680
196.0;7.59840
196.2;7.75580
196.4;7.93600
196.6;8.14750
196.8;8.31730
197.0;8.44870
197.2;8.53250
197.4;8.59870
197.6;8.62910
197.8;8.60480
198.0;8.57140
198.2;8.49090
198.4;8.39610
198.6;8.31600
198.8;8.19090
199.0;8.07780
199.2;7.93130
199.4;7.75570
199.6;7.61380
199.8;7.40910
200.0;7.22340
200.2;6.99740
200.4;6.76740
200.6;6.56420
200.8;6.31770
201.0;6.03700
201.2;5.72670
201.4;5.42500
201.6;5.11960
201.8;4.76520
202.0;4.39440
202.2;4.04850
202.4;3.67550
202.6;3.29470
202.8;2.93520
203.0;2.58260
203.2;2.29370
203.4;1.98600
203.6;1.74670
203.8;1.57270
204.0;1.42230
204.2;1.31510
204.4;1.24990
204.6;1.20780
204.8;1.18420
205.0;1.16890
205.5;1.14920
206.0;1.13940
206.5;1.12500
207.0;1.11210
207.5;1.10370
208.0;1.09760
208.5;1.09070
209.0;1.08270
209.5;1.07020
210.0;1.06310
212.0;1.03520
214.0;1.00770
216.0;0.97892
218.0;0.94992
220.0;0.92268
222.0;0.89589
224.0;0.87330
225.0;0.86096
235.0;0.74830
245.0;0.65285
255.0;0.57097
265.0;0.50687
275.0;0.46137
285.0;0.42965
295.0;0.40056
305.0;0.37480
315.0;0.34839
325.0;0.32439
335.0;0.30218
345.0;0.28093
355.0;0.26077
365.0;0.24125
375.0;0.22356
385.0;0.20780
395.0;0.19213
405.0;0.17791
411.0;0.16901
End:; 
Origin of data [Measured/Computed]:; Measured
Machine/Treatment room:; ptRoom1PBS_RF4_241230
Snout name:; ptRoom1PBS_RF4
Range modulator name:; RF4
Radiation type:; Carbon
Curve type [Depth/X/Y/AbsoluteDosimetry]:; Depth
Medium:; Water
Single spot [Yes/No]:; Yes
Isocenter to snout distance [mm]:; 680
Isocenter to phantom surface distance [mm]:; 150
Detector lateral shape [Quadratic/Circular]:; Quadratic
Detector lateral side/diameter [mm]:; 80
Nominal beam energy [MeV]:; 4056.72
Measured dose curve (Depth [mm] Dose [a.u.]):; 
11.1;2.36090
21.1;2.36370
31.1;2.36250
41.1;2.36560
51.1;2.36340
61.1;2.36480
71.1;2.36630
81.1;2.37040
91.1;2.38570
101.1;2.41320
111.1;2.44940
121.1;2.49030
131.1;2.54910
141.1;2.63130
151.1;2.73030
153.1;2.75880
158.1;2.84440
163.1;2.94410
168.1;3.05970
173.1;3.20350
178.1;3.39090
180.1;3.47140
182.1;3.55970
184.1;3.67630
186.1;3.80410
188.1;3.93790
188.6;3.97730
189.1;4.02020
189.6;4.06310
190.1;4.11970
190.6;4.17150
191.1;4.21740
191.6;4.28950
192.1;4.35810
192.6;4.42810
193.1;4.50440
193.6;4.57710
194.1;4.66480
194.6;4.76380
195.1;4.87260
195.6;4.98720
196.1;5.11930
196.6;5.27700
197.1;5.46340
197.6;5.70350
198.1;6.01180
198.3;6.14350
198.5;6.28700
198.7;6.44320
198.9;6.61290
199.1;6.75280
199.3;6.88220
199.5;6.97740
199.7;7.01700
199.9;7.04760
200.1;6.99740
200.3;6.95750
200.5;6.87700
200.7;6.80610
200.9;6.70120
201.1;6.60100
201.3;6.45370
201.5;6.30240
201.7;6.16850
201.9;6.02920
202.1;5.84060
202.3;5.67060
202.5;5.47140
202.7;5.27600
202.9;5.05630
203.1;4.86990
203.3;4.66190
203.5;4.42370
203.7;4.17810
203.9;3.90970
204.1;3.64250
204.3;3.35140
204.5;3.05860
204.7;2.79520
204.9;2.54020
205.1;2.25020
205.3;2.00810
205.5;1.79070
205.7;1.56760
205.9;1.40090
206.1;1.25900
206.3;1.14490
206.5;1.06700
206.7;1.01730
206.9;0.98439
207.1;0.96258
207.6;0.94233
208.1;0.93301
208.6;0.92399
209.1;0.91630
209.6;0.90986
210.1;0.89939
210.6;0.89252
211.1;0.88522
211.6;0.87793
212.1;0.86870
214.1;0.84469
216.1;0.82071
218.1;0.79799
220.1;0.77639
222.1;0.75370
224.1;0.73822
226.1;0.71723
227.1;0.70742
237.1;0.61553
247.1;0.53752
257.1;0.47287
267.1;0.42031
277.1;0.38262
287.1;0.35470
297.1;0.33129
307.1;0.31074
317.1;0.28982
327.1;0.26999
337.1;0.25226
347.1;0.23502
357.1;0.21876
367.1;0.20386
377.1;0.18850
387.1;0.17478
397.1;0.16151
407.1;0.14968
411.1;0.14516
End:; 
Origin of data [Measured/Computed]:; Measured
Machine/Treatment room:; ptRoom1PBS_RF4_241230
Snout name:; ptRoom1PBS_RF4
Range modulator name:; RF4
Radiation type:; Carbon
Curve type [Depth/X/Y/AbsoluteDosimetry]:; Depth
Medium:; Water
Single spot [Yes/No]:; Yes
Isocenter to snout distance [mm]:; 680
Isocenter to phantom surface distance [mm]:; 150
Detector lateral shape [Quadratic/Circular]:; Quadratic
Detector lateral side/diameter [mm]:; 80
Nominal beam energy [MeV]:; 4080.48
Measured dose curve (Depth [mm] Dose [a.u.]):; 
11.1;2.41340
21.1;2.42030
31.1;2.42040
41.1;2.42020
51.1;2.41290
61.1;2.41160
71.1;2.41640
81.1;2.42390
91.1;2.44160
101.1;2.45680
111.1;2.48460
121.1;2.51500
131.1;2.57790
141.1;2.65430
151.1;2.76230
155.1;2.81290
160.1;2.90010
165.1;2.99190
170.1;3.10630
175.1;3.25550
180.1;3.45350
182.1;3.54010
184.1;3.63620
186.1;3.75220
188.1;3.86010
190.1;4.00000
190.6;4.04480
191.1;4.08740
191.6;4.12700
192.1;4.17350
192.6;4.22970
193.1;4.29250
193.6;4.35020
194.1;4.40900
194.6;4.47750
195.1;4.55210
195.6;4.61730
196.1;4.71370
196.6;4.82080
197.1;4.92130
197.6;5.03390
198.1;5.18140
198.6;5.34830
199.1;5.55400
199.6;5.79890
200.1;6.09840
200.3;6.25780
200.5;6.40190
200.7;6.55710
200.9;6.68730
201.1;6.81590
201.3;6.91900
201.5;6.96840
201.7;6.99220
201.9;6.96480
202.1;6.93300
202.3;6.87240
202.5;6.80950
202.7;6.72830
202.9;6.63450
203.1;6.53000
203.3;6.42910
203.5;6.28420
203.7;6.14720
203.9;5.98270
204.1;5.83600
204.3;5.66520
204.5;5.50160
204.7;5.31840
204.9;5.14300
205.1;4.91060
205.3;4.70710
205.5;4.47240
205.7;4.21780
205.9;3.93240
206.1;3.70030
206.3;3.40810
206.5;3.08570
206.7;2.80140
206.9;2.52670
207.1;2.24920
207.3;1.98260
207.5;1.73920
207.7;1.52000
207.9;1.36360
208.1;1.22240
208.3;1.12290
208.5;1.05460
208.7;1.00630
208.9;0.98073
209.1;0.96470
209.6;0.94758
210.1;0.93815
210.6;0.92800
211.1;0.92150
211.6;0.91054
212.1;0.90598
212.6;0.90115
213.1;0.89286
213.6;0.88458
214.1;0.87532
216.1;0.85112
218.1;0.82779
220.1;0.80525
222.1;0.78531
224.1;0.76604
226.1;0.74607
228.1;0.72410
229.1;0.71435
239.1;0.62339
249.1;0.54422
259.1;0.47755
269.1;0.42316
279.1;0.38357
289.1;0.35596
299.1;0.33297
309.1;0.31230
319.1;0.29200
329.1;0.27292
339.1;0.25410
349.1;0.23683
359.1;0.21991
369.1;0.20445
379.1;0.19026
389.1;0.17695
399.1;0.16379
409.1;0.15166
411.1;0.14920
End:; 
Origin of data [Measured/Computed]:; Measured
Machine/Treatment room:; ptRoom1PBS_RF4_241230
Snout name:; ptRoom1PBS_RF4
Range modulator name:; RF4
Radiation type:; Carbon
Curve type [Depth/X/Y/AbsoluteDosimetry]:; Depth
Medium:; Water
Single spot [Yes/No]:; Yes
Isocenter to snout distance [mm]:; 680
Isocenter to phantom surface distance [mm]:; 150
Detector lateral shape [Quadratic/Circular]:; Quadratic
Detector lateral side/diameter [mm]:; 80
Nominal beam energy [MeV]:; 4104.12
Measured dose curve (Depth [mm] Dose [a.u.]):; 
11.1;2.42390
21.1;2.42280
31.1;2.41730
41.1;2.41980
51.1;2.41790
61.1;2.41790
71.1;2.41660
81.1;2.41800
91.1;2.42760
101.1;2.44940
111.1;2.47300
121.1;2.51100
131.1;2.56970
141.1;2.64910
151.1;2.74400
157.1;2.81650
162.1;2.88790
167.1;2.97070
172.1;3.09210
177.1;3.24750
182.1;3.44490
184.1;3.52630
186.1;3.62400
188.1;3.72910
190.1;3.85640
192.1;3.99740
192.6;4.02910
193.1;4.07440
193.6;4.11150
194.1;4.16420
194.6;4.20060
195.1;4.23600
195.6;4.29810
196.1;4.36440
196.6;4.42520
197.1;4.50310
197.6;4.58300
198.1;4.66830
198.6;4.77490
199.1;4.89410
199.6;5.00480
200.1;5.12430
200.6;5.29170
201.1;5.49950
201.6;5.73860
202.1;6.03070
202.3;6.16560
202.5;6.31830
202.7;6.46760
202.9;6.64220
203.1;6.76980
203.3;6.87670
203.5;6.96440
203.7;6.97790
203.9;6.97490
204.1;6.94990
204.3;6.88880
204.5;6.80420
204.7;6.72150
204.9;6.60460
205.1;6.50660
205.3;6.38310
205.5;6.26410
205.7;6.08260
205.9;5.95590
206.1;5.81330
206.3;5.60930
206.5;5.46000
206.7;5.28240
206.9;5.08880
207.1;4.89350
207.3;4.68580
207.5;4.46820
207.7;4.21150
207.9;3.93570
208.1;3.68900
208.3;3.38780
208.5;3.08400
208.7;2.76950
208.9;2.51700
209.1;2.26840
209.3;2.00290
209.5;1.79090
209.7;1.57630
209.9;1.41080
210.1;1.24500
210.3;1.14710
210.5;1.06880
210.7;1.01650
210.9;0.98019
211.1;0.96637
211.6;0.94495
212.1;0.93548
212.6;0.92958
213.1;0.92080
213.6;0.91238
214.1;0.90511
214.6;0.89835
215.1;0.89089
215.6;0.88296
216.1;0.87516
218.1;0.85019
220.1;0.82876
222.1;0.80518
224.1;0.78426
226.1;0.76374
228.1;0.74458
230.1;0.72540
231.1;0.71576
241.1;0.62562
251.1;0.54836
261.1;0.48094
271.1;0.42739
281.1;0.38713
291.1;0.35907
301.1;0.33585
311.1;0.31365
321.1;0.29356
331.1;0.27436
341.1;0.25612
351.1;0.23887
361.1;0.22217
371.1;0.20669
381.1;0.19278
391.1;0.17948
401.1;0.16627
411.1;0.15366
End:; 
Origin of data [Measured/Computed]:; Measured
Machine/Treatment room:; ptRoom1PBS_RF4_241230
Snout name:; ptRoom1PBS_RF4
Range modulator name:; RF4
Radiation type:; Carbon
Curve type [Depth/X/Y/AbsoluteDosimetry]:; Depth
Medium:; Water
Single spot [Yes/No]:; Yes
Isocenter to snout distance [mm]:; 680
Isocenter to phantom surface distance [mm]:; 150
Detector lateral shape [Quadratic/Circular]:; Quadratic
Detector lateral side/diameter [mm]:; 80
Nominal beam energy [MeV]:; 4127.64
Measured dose curve (Depth [mm] Dose [a.u.]):; 
11.1;2.41570
21.1;2.41890
31.1;2.40950
41.1;2.39900
51.1;2.39560
61.1;2.38870
71.1;2.39010
81.1;2.39760
91.1;2.40250
101.1;2.41420
111.1;2.43450
121.1;2.47270
131.1;2.52390
141.1;2.59330
151.1;2.68040
159.1;2.77150
164.1;2.84130
169.1;2.93920
174.1;3.06660
179.1;3.21600
184.1;3.40810
186.1;3.48840
188.1;3.56960
190.1;3.68000
192.1;3.79360
194.1;3.93390
194.6;3.96550
195.1;4.00520
195.6;4.04440
196.1;4.09230
196.6;4.13570
197.1;4.19560
197.6;4.24350
198.1;4.30920
198.6;4.35580
199.1;4.41730
199.6;4.49450
200.1;4.57780
200.6;4.67650
201.1;4.79660
201.6;4.89330
202.1;5.04880
202.6;5.18700
203.1;5.36030
203.6;5.58030
204.1;5.89330
204.3;6.01260
204.5;6.17110
204.7;6.30780
204.9;6.42920
205.1;6.59540
205.3;6.72750
205.5;6.81740
205.7;6.89370
205.9;6.90430
206.1;6.88950
206.3;6.84520
206.5;6.79090
206.7;6.71240
206.9;6.60560
207.1;6.48110
207.3;6.33530
207.5;6.22660
207.7;6.09400
207.9;5.93670
208.1;5.77580
208.3;5.64430
208.5;5.38090
208.7;5.28210
208.9;5.05740
209.1;4.87120
209.3;4.60710
209.5;4.39060
209.7;4.20750
209.9;3.91580
210.1;3.68960
210.3;3.46730
210.5;3.18000
210.7;2.92650
210.9;2.61510
211.1;2.35920
211.3;2.07390
211.5;1.89280
211.7;1.65950
211.9;1.47620
212.1;1.33190
212.3;1.19390
212.5;1.10780
212.7;1.03480
212.9;0.99488
213.1;0.96774
213.6;0.93874
214.1;0.92670
214.6;0.91845
215.1;0.91223
215.6;0.90657
216.1;0.89930
216.6;0.89041
217.1;0.88199
217.6;0.87600
218.1;0.87013
220.1;0.84575
222.1;0.81970
224.1;0.79825
226.1;0.77701
228.1;0.75704
230.1;0.73660
232.1;0.71860
233.1;0.70950
243.1;0.62065
253.1;0.54309
263.1;0.47700
273.1;0.42348
283.1;0.38466
293.1;0.35577
303.1;0.33288
313.1;0.31146
323.1;0.29165
333.1;0.27262
343.1;0.25501
353.1;0.23807
363.1;0.22184
373.1;0.20593
383.1;0.19135
393.1;0.17722
403.1;0.16486
411.1;0.15537
End:; 
Origin of data [Measured/Computed]:; Measured
Machine/Treatment room:; ptRoom1PBS_RF4_241230
Snout name:; ptRoom1PBS_RF4
Range modulator name:; RF4
Radiation type:; Carbon
Curve type [Depth/X/Y/AbsoluteDosimetry]:; Depth
Medium:; Water
Single spot [Yes/No]:; Yes
Isocenter to snout distance [mm]:; 680
Isocenter to phantom surface distance [mm]:; 150
Detector lateral shape [Quadratic/Circular]:; Quadratic
Detector lateral side/diameter [mm]:; 80
Nominal beam energy [MeV]:; 4151.16
Measured dose curve (Depth [mm] Dose [a.u.]):; 
11.1;2.69100
21.1;2.69040
31.1;2.68950
41.1;2.68400
51.1;2.68160
61.1;2.69840
71.1;2.70430
81.1;2.70420
91.1;2.70950
101.1;2.73240
111.1;2.76270
121.1;2.79740
131.1;2.84870
141.1;2.90700
151.1;2.99440
161.1;3.11980
166.1;3.20470
171.1;3.30850
176.1;3.44270
181.1;3.60180
186.1;3.79820
188.1;3.88990
190.1;3.99160
192.1;4.11460
194.1;4.25220
196.1;4.39140
196.6;4.42220
197.1;4.49150
197.6;4.52750
198.1;4.57620
198.6;4.61850
199.1;4.68840
199.6;4.74310
200.1;4.80660
200.6;4.87740
201.1;4.94740
201.6;5.03190
202.1;5.12660
202.6;5.21690
203.1;5.32770
203.6;5.46330
204.1;5.60880
204.6;5.75610
205.1;5.98540
205.6;6.21850
206.1;6.52730
206.3;6.66800
206.5;6.82180
206.7;6.96000
206.9;7.16180
207.1;7.33250
207.3;7.49890
207.5;7.60290
207.7;7.68340
207.9;7.71080
208.1;7.73300
208.3;7.69970
208.5;7.62590
208.7;7.54210
208.9;7.44180
209.1;7.30390
209.3;7.15910
209.5;7.00470
209.7;6.84190
209.9;6.63400
210.1;6.42790
210.3;6.28390
210.5;6.07050
210.7;5.78680
210.9;5.55560
211.1;5.32600
211.3;5.04690
211.5;4.81920
211.7;4.53480
211.9;4.26680
212.1;3.95780
212.3;3.66640
212.5;3.43930
212.7;3.19330
212.9;2.91540
213.1;2.66740
213.3;2.42750
213.5;2.19820
213.7;1.97810
213.9;1.75670
214.1;1.56650
214.3;1.40910
214.5;1.27290
214.7;1.18790
214.9;1.13000
215.1;1.09450
215.6;1.05450
216.1;1.03810
216.6;1.03210
217.1;1.02590
217.6;1.01790
218.1;1.00840
218.6;0.99954
219.1;0.99420
219.6;0.98938
220.1;0.98175
222.1;0.95117
224.1;0.92720
226.1;0.90362
228.1;0.87856
230.1;0.85503
232.1;0.83074
234.1;0.80868
235.1;0.79733
245.1;0.70120
255.1;0.61407
265.1;0.54161
275.1;0.48044
285.1;0.43538
295.1;0.40384
305.1;0.37790
315.1;0.35318
325.1;0.33188
335.1;0.30892
345.1;0.29020
355.1;0.27168
365.1;0.25244
375.1;0.23585
385.1;0.21961
395.1;0.20402
405.1;0.19005
411.1;0.18145
End:; 
Origin of data [Measured/Computed]:; Measured
Machine/Treatment room:; ptRoom1PBS_RF4_241230
Snout name:; ptRoom1PBS_RF4
Range modulator name:; RF4
Radiation type:; Carbon
Curve type [Depth/X/Y/AbsoluteDosimetry]:; Depth
Medium:; Water
Single spot [Yes/No]:; Yes
Isocenter to snout distance [mm]:; 680
Isocenter to phantom surface distance [mm]:; 150
Detector lateral shape [Quadratic/Circular]:; Quadratic
Detector lateral side/diameter [mm]:; 80
Nominal beam energy [MeV]:; 4174.56
Measured dose curve (Depth [mm] Dose [a.u.]):; 
11.1;2.16780
21.1;2.16540
31.1;2.16520
41.1;2.14860
51.1;2.14270
61.1;2.14210
71.1;2.14100
81.1;2.14710
91.1;2.15120
101.1;2.16660
111.1;2.18530
121.1;2.20700
131.1;2.24270
141.1;2.29500
151.1;2.35760
161.1;2.45800
163.1;2.48400
168.1;2.54740
173.1;2.62080
178.1;2.72610
183.1;2.86260
188.1;3.01320
190.1;3.10070
192.1;3.17790
194.1;3.27170
196.1;3.36910
198.1;3.48570
198.6;3.52160
199.1;3.56040
199.6;3.59570
200.1;3.64520
200.6;3.67950
201.1;3.72050
201.6;3.76670
202.1;3.81610
202.6;3.87000
203.1;3.92370
203.6;3.98410
204.1;4.05230
204.6;4.13550
205.1;4.24410
205.6;4.32260
206.1;4.42410
206.6;4.56840
207.1;4.71790
207.6;4.89220
208.1;5.13550
208.3;5.22060
208.5;5.35200
208.7;5.43960
208.9;5.62330
209.1;5.74250
209.3;5.88840
209.5;5.97570
209.7;6.09890
209.9;6.11320
210.1;6.18440
210.3;6.17980
210.5;6.14020
210.7;6.07980
210.9;6.00350
211.1;5.91300
211.3;5.81950
211.5;5.70230
211.7;5.56810
211.9;5.41720
212.1;5.25740
212.3;5.10480
212.5;4.90980
212.7;4.82110
212.9;4.60060
213.1;4.41260
213.3;4.21730
213.5;4.06320
213.7;3.75850
213.9;3.56280
214.1;3.34490
214.3;3.20870
214.5;2.95110
214.7;2.78300
214.9;2.46220
215.1;2.29810
215.3;2.13660
215.5;1.91860
215.7;1.70320
215.9;1.55410
216.1;1.36110
216.3;1.24920
216.5;1.11930
216.7;1.02210
216.9;0.95447
217.1;0.91431
217.6;0.86096
218.1;0.84318
218.6;0.83390
219.1;0.82602
219.6;0.81827
220.1;0.81195
220.6;0.80702
221.1;0.80111
221.6;0.79737
222.1;0.79232
224.1;0.76969
226.1;0.75053
228.1;0.73158
230.1;0.71128
232.1;0.69253
234.1;0.67562
236.1;0.65525
237.1;0.64628
247.1;0.56648
257.1;0.49834
267.1;0.43833
277.1;0.39007
287.1;0.35275
297.1;0.32600
307.1;0.30478
317.1;0.28539
327.1;0.26743
337.1;0.25000
347.1;0.23369
357.1;0.21837
367.1;0.20439
377.1;0.19027
387.1;0.17723
397.1;0.16472
407.1;0.15334
411.1;0.14885
End:; 
Origin of data [Measured/Computed]:; Measured
Machine/Treatment room:; ptRoom1PBS_RF4_241230
Snout name:; ptRoom1PBS_RF4
Range modulator name:; RF4
Radiation type:; Carbon
Curve type [Depth/X/Y/AbsoluteDosimetry]:; Depth
Medium:; Water
Single spot [Yes/No]:; Yes
Isocenter to snout distance [mm]:; 680
Isocenter to phantom surface distance [mm]:; 150
Detector lateral shape [Quadratic/Circular]:; Quadratic
Detector lateral side/diameter [mm]:; 80
Nominal beam energy [MeV]:; 4197.96
Measured dose curve (Depth [mm] Dose [a.u.]):; 
11.1;2.13740
21.1;2.13200
31.1;2.12680
41.1;2.12400
51.1;2.12030
61.1;2.11830
71.1;2.12070
81.1;2.12310
91.1;2.13330
101.1;2.14540
111.1;2.16340
121.1;2.19140
131.1;2.22610
141.1;2.26680
151.1;2.32450
161.1;2.41470
165.1;2.46010
170.1;2.52500
175.1;2.60670
180.1;2.70780
185.1;2.84320
190.1;3.00780
192.1;3.08080
194.1;3.16940
196.1;3.25890
198.1;3.36000
200.1;3.48580
200.6;3.50560
201.1;3.54640
201.6;3.57100
202.1;3.61990
202.6;3.66720
203.1;3.71450
203.6;3.75700
204.1;3.80310
204.6;3.85850
205.1;3.91580
205.6;3.99140
206.1;4.06980
206.6;4.14410
207.1;4.26200
207.6;4.34670
208.1;4.47650
208.6;4.60940
209.1;4.79220
209.6;4.97510
210.1;5.24850
210.3;5.38490
210.5;5.46290
210.7;5.58990
210.9;5.79100
211.1;5.91270
211.3;5.92270
211.5;5.99650
211.7;6.04040
211.9;6.06980
212.1;6.01560
212.3;5.96500
212.5;5.90190
212.7;5.81210
212.9;5.70190
213.1;5.58520
213.3;5.46850
213.5;5.32230
213.7;5.18200
213.9;5.02920
214.1;4.85700
214.3;4.70130
214.5;4.53830
214.7;4.37000
214.9;4.19730
215.1;4.07820
215.3;3.88160
215.5;3.56580
215.7;3.52040
215.9;3.27240
216.1;3.09370
216.3;2.84460
216.5;2.54320
216.7;2.34870
216.9;2.16320
217.1;1.93360
217.3;1.74490
217.5;1.55000
217.7;1.33830
217.9;1.22110
218.1;1.09200
218.3;1.01950
218.5;0.93247
218.7;0.90163
218.9;0.87076
219.1;0.85278
219.6;0.83309
220.1;0.82355
220.6;0.81675
221.1;0.80863
221.6;0.80250
222.1;0.79495
222.6;0.79141
223.1;0.78507
223.6;0.77941
224.1;0.77423
226.1;0.75393
228.1;0.73447
230.1;0.71429
232.1;0.69836
234.1;0.67845
236.1;0.66164
238.1;0.64486
239.1;0.63685
249.1;0.56002
259.1;0.49140
269.1;0.43361
279.1;0.38514
289.1;0.34967
299.1;0.32383
309.1;0.30331
319.1;0.28451
329.1;0.26592
339.1;0.24831
349.1;0.23234
359.1;0.21672
369.1;0.20231
379.1;0.18872
389.1;0.17596
399.1;0.16430
409.1;0.15257
411.1;0.15031
End:; 
Origin of data [Measured/Computed]:; Measured
Machine/Treatment room:; ptRoom1PBS_RF4_241230
Snout name:; ptRoom1PBS_RF4
Range modulator name:; RF4
Radiation type:; Carbon
Curve type [Depth/X/Y/AbsoluteDosimetry]:; Depth
Medium:; Water
Single spot [Yes/No]:; Yes
Isocenter to snout distance [mm]:; 680
Isocenter to phantom surface distance [mm]:; 150
Detector lateral shape [Quadratic/Circular]:; Quadratic
Detector lateral side/diameter [mm]:; 80
Nominal beam energy [MeV]:; 4221.24
Measured dose curve (Depth [mm] Dose [a.u.]):; 
11.1;2.67450
21.1;2.66940
31.1;2.65700
41.1;2.65500
51.1;2.64440
61.1;2.64570
71.1;2.63170
81.1;2.63300
91.1;2.63260
101.1;2.65820
111.1;2.68610
121.1;2.70820
131.1;2.76690
141.1;2.81610
151.1;2.88130
161.1;2.98420
167.1;3.07610
172.1;3.14950
177.1;3.26180
182.1;3.38510
187.1;3.54020
192.1;3.73900
194.1;3.82240
196.1;3.91530
198.1;4.02960
200.1;4.15340
202.1;4.29900
202.6;4.34570
203.1;4.38040
203.6;4.43250
204.1;4.47750
204.6;4.52430
205.1;4.57740
205.6;4.64630
206.1;4.70550
206.6;4.78630
207.1;4.87860
207.6;4.94610
208.1;5.03720
208.6;5.12920
209.1;5.23500
209.6;5.36220
210.1;5.49720
210.6;5.68450
211.1;5.88150
211.6;6.12700
212.1;6.44790
212.3;6.60170
212.5;6.74270
212.7;6.88760
212.9;7.05320
213.1;7.19600
213.3;7.28610
213.5;7.37840
213.7;7.42600
213.9;7.44420
214.1;7.42510
214.3;7.35470
214.5;7.29880
214.7;7.21240
214.9;7.08820
215.1;6.96020
215.3;6.82310
215.5;6.66670
215.7;6.47720
215.9;6.27300
216.1;6.10480
216.3;5.88120
216.5;5.65930
216.7;5.44910
216.9;5.22010
217.1;4.98120
217.3;4.75440
217.5;4.50660
217.7;4.23830
217.9;3.99650
218.1;3.74180
218.3;3.48200
218.5;3.23220
218.7;2.98410
218.9;2.73020
219.1;2.51210
219.3;2.26790
219.5;2.02450
219.7;1.80810
219.9;1.61120
220.1;1.44450
220.3;1.30090
220.5;1.21190
220.7;1.13920
220.9;1.09080
221.1;1.06310
221.6;1.03670
222.1;1.02590
222.6;1.01540
223.1;1.01180
223.6;1.00520
224.1;0.99640
224.6;0.98914
225.1;0.98076
225.6;0.97904
226.1;0.96816
228.1;0.94675
230.1;0.91840
232.1;0.89439
234.1;0.86989
236.1;0.84706
238.1;0.82593
240.1;0.80581
241.1;0.79423
251.1;0.69756
261.1;0.61460
271.1;0.54390
281.1;0.48279
291.1;0.43665
301.1;0.40281
311.1;0.37926
321.1;0.35626
331.1;0.33440
341.1;0.31344
351.1;0.29285
361.1;0.27353
371.1;0.25554
381.1;0.23961
391.1;0.22297
401.1;0.20767
411.1;0.19340
End:; 
Origin of data [Measured/Computed]:; Measured
Machine/Treatment room:; ptRoom1PBS_RF4_241230
Snout name:; ptRoom1PBS_RF4
Range modulator name:; RF4
Radiation type:; Carbon
Curve type [Depth/X/Y/AbsoluteDosimetry]:; Depth
Medium:; Water
Single spot [Yes/No]:; Yes
Isocenter to snout distance [mm]:; 680
Isocenter to phantom surface distance [mm]:; 150
Detector lateral shape [Quadratic/Circular]:; Quadratic
Detector lateral side/diameter [mm]:; 80
Nominal beam energy [MeV]:; 4244.4
Measured dose curve (Depth [mm] Dose [a.u.]):; 
11.2;2.01450
21.2;2.01160
31.2;2.00680
41.2;2.00460
51.2;1.99560
61.2;1.99080
71.2;1.98290
81.2;1.98160
91.2;1.98730
101.2;1.99950
111.2;2.00880
121.2;2.03020
131.2;2.05140
141.2;2.08960
151.2;2.14660
161.2;2.22190
169.2;2.30010
174.2;2.36850
179.2;2.44660
184.2;2.53980
189.2;2.65750
194.2;2.80640
196.2;2.87890
198.2;2.95000
200.2;3.03410
202.2;3.13390
204.2;3.24150
204.7;3.26470
205.2;3.30380
205.7;3.32940
206.2;3.37680
206.7;3.42220
207.2;3.45590
207.7;3.51340
208.2;3.56020
208.7;3.60410
209.2;3.65730
209.7;3.71440
210.2;3.80230
210.7;3.88360
211.2;3.96710
211.7;4.04620
212.2;4.16800
212.7;4.27950
213.2;4.43740
213.7;4.62340
214.2;4.88450
214.4;4.98430
214.6;5.09510
214.8;5.22960
215.0;5.30690
215.2;5.45430
215.4;5.55040
215.6;5.60680
215.8;5.67600
216.0;5.70070
216.2;5.70810
216.4;5.65990
216.6;5.59200
216.8;5.51010
217.0;5.42300
217.2;5.29130
217.4;5.19360
217.6;5.04390
217.8;4.93850
218.0;4.74800
218.2;4.63250
218.4;4.48080
218.6;4.32160
218.8;4.09790
219.0;3.95900
219.2;3.70280
219.4;3.53680
219.6;3.35040
219.8;3.15400
220.0;3.05170
220.2;2.80030
220.4;2.62900
220.6;2.35200
220.8;2.23030
221.0;1.97230
221.2;1.81000
221.4;1.69850
221.6;1.45490
221.8;1.35840
222.0;1.23440
222.2;1.08580
222.4;1.00430
222.6;0.92941
222.8;0.88526
223.0;0.84166
223.2;0.81896
223.7;0.79190
224.2;0.78147
224.7;0.77444
225.2;0.76923
225.7;0.76335
226.2;0.75795
226.7;0.75205
227.2;0.74623
227.7;0.74059
228.2;0.73337
230.2;0.71244
232.2;0.69675
234.2;0.68009
236.2;0.66317
238.2;0.64459
240.2;0.62778
242.2;0.61396
243.2;0.60604
253.2;0.53337
263.2;0.47061
273.2;0.41681
283.2;0.37037
293.2;0.33542
303.2;0.30905
313.2;0.28945
323.2;0.27162
333.2;0.25471
343.2;0.23905
353.2;0.22355
363.2;0.20957
373.2;0.19589
383.2;0.18302
393.2;0.17083
403.2;0.15857
411.2;0.14944
End:; 
Origin of data [Measured/Computed]:; Measured
Machine/Treatment room:; ptRoom1PBS_RF4_241230
Snout name:; ptRoom1PBS_RF4
Range modulator name:; RF4
Radiation type:; Carbon
Curve type [Depth/X/Y/AbsoluteDosimetry]:; Depth
Medium:; Water
Single spot [Yes/No]:; Yes
Isocenter to snout distance [mm]:; 680
Isocenter to phantom surface distance [mm]:; 150
Detector lateral shape [Quadratic/Circular]:; Quadratic
Detector lateral side/diameter [mm]:; 80
Nominal beam energy [MeV]:; 4267.44
Measured dose curve (Depth [mm] Dose [a.u.]):; 
11.2;1.96530
21.2;1.96260
31.2;1.95600
41.2;1.94710
51.2;1.94210
61.2;1.94280
71.2;1.93420
81.2;1.93910
91.2;1.94070
101.2;1.94650
111.2;1.95000
121.2;1.96570
131.2;1.99230
141.2;2.02890
151.2;2.07640
161.2;2.14320
171.2;2.23650
172.2;2.24700
177.2;2.31450
182.2;2.39690
187.2;2.49630
192.2;2.62020
197.2;2.77340
199.2;2.84210
201.2;2.92480
203.2;3.00650
205.2;3.10340
207.2;3.22060
207.7;3.25530
208.2;3.28280
208.7;3.32860
209.2;3.36310
209.7;3.41680
210.2;3.46260
210.7;3.51210
211.2;3.55880
211.7;3.62390
212.2;3.68580
212.7;3.74890
213.2;3.82800
213.7;3.91180
214.2;4.00660
214.7;4.13340
215.2;4.27870
215.7;4.46540
216.2;4.68620
216.7;4.95940
217.2;5.28120
217.4;5.33120
217.6;5.42530
217.8;5.52620
218.0;5.54060
218.2;5.53430
218.4;5.51100
218.6;5.45190
218.8;5.39260
219.0;5.29950
219.2;5.19810
219.4;5.07090
219.6;4.94820
219.8;4.79710
220.0;4.69280
220.2;4.52980
220.4;4.34890
220.6;4.22490
220.8;3.99540
221.0;3.84470
221.2;3.65310
221.4;3.47090
221.6;3.30080
221.8;3.06530
222.0;2.99460
222.2;2.74370
222.4;2.53060
222.6;2.32950
222.8;2.14720
223.0;1.96530
223.2;1.77870
223.4;1.66510
223.6;1.52800
223.8;1.36120
224.0;1.24020
224.2;1.09500
224.4;1.01380
224.6;0.93474
224.8;0.87729
225.0;0.83677
225.2;0.81004
225.4;0.79760
225.6;0.78503
225.8;0.77755
226.0;0.77389
226.2;0.76966
226.7;0.76183
227.2;0.75570
227.7;0.75082
228.2;0.74496
228.7;0.73962
229.2;0.73406
229.7;0.72887
230.2;0.72364
230.7;0.71956
231.2;0.71220
233.2;0.69437
235.2;0.67570
237.2;0.65962
239.2;0.64368
241.2;0.62746
243.2;0.61289
245.2;0.59869
246.2;0.58997
256.2;0.51973
266.2;0.45789
276.2;0.40595
286.2;0.36150
296.2;0.32781
306.2;0.30240
316.2;0.28363
326.2;0.26639
336.2;0.25000
346.2;0.23374
356.2;0.21936
366.2;0.20520
376.2;0.19240
386.2;0.17933
396.2;0.16730
406.2;0.15643
411.2;0.15066
End:; 
Origin of data [Measured/Computed]:; Measured
Machine/Treatment room:; ptRoom1PBS_RF4_241230
Snout name:; ptRoom1PBS_RF4
Range modulator name:; RF4
Radiation type:; Carbon
Curve type [Depth/X/Y/AbsoluteDosimetry]:; Depth
Medium:; Water
Single spot [Yes/No]:; Yes
Isocenter to snout distance [mm]:; 680
Isocenter to phantom surface distance [mm]:; 150
Detector lateral shape [Quadratic/Circular]:; Quadratic
Detector lateral side/diameter [mm]:; 80
Nominal beam energy [MeV]:; 4290.36
Measured dose curve (Depth [mm] Dose [a.u.]):; 
11.2;2.60280
21.2;2.60480
31.2;2.60290
41.2;2.58770
51.2;2.58540
61.2;2.57510
71.2;2.56900
81.2;2.57430
91.2;2.57470
101.2;2.57740
111.2;2.58900
121.2;2.60790
131.2;2.64020
141.2;2.68500
151.2;2.74890
161.2;2.83310
171.2;2.95220
174.2;2.98760
179.2;3.07720
184.2;3.18390
189.2;3.30870
194.2;3.46190
199.2;3.66390
201.2;3.74010
203.2;3.83660
205.2;3.95980
207.2;4.08030
209.2;4.23000
209.7;4.26410
210.2;4.30700
210.7;4.35790
211.2;4.40320
211.7;4.45250
212.2;4.51570
212.7;4.58890
213.2;4.66500
213.7;4.73010
214.2;4.80540
214.7;4.91190
215.2;5.00000
215.7;5.10850
216.2;5.23520
216.7;5.38430
217.2;5.57620
217.7;5.79350
218.2;6.06170
218.7;6.39360
219.2;6.77080
219.4;6.88930
219.6;6.99480
219.8;7.08660
220.0;7.13800
220.2;7.16040
220.4;7.13040
220.6;7.07290
220.8;7.00540
221.0;6.90120
221.2;6.80730
221.4;6.69220
221.6;6.56010
221.8;6.45070
222.0;6.30500
222.2;6.17440
222.4;5.99930
222.6;5.80180
222.8;5.59080
223.0;5.38350
223.2;5.14190
223.4;4.92420
223.6;4.68430
223.8;4.47270
224.0;4.20540
224.2;3.95650
224.4;3.71390
224.6;3.48940
224.8;3.27880
225.0;3.01840
225.2;2.78490
225.4;2.53160
225.6;2.31370
225.8;2.05160
226.0;1.82940
226.2;1.63120
226.4;1.46690
226.6;1.32280
226.8;1.21690
227.0;1.14770
227.2;1.09050
227.4;1.05990
227.6;1.04470
227.8;1.03420
228.0;1.02420
228.2;1.01910
228.7;1.00790
229.2;0.99964
229.7;0.99290
230.2;0.98383
230.7;0.97449
231.2;0.97012
231.7;0.96190
232.2;0.95635
232.7;0.95085
233.2;0.94539
235.2;0.91840
237.2;0.89446
239.2;0.87195
241.2;0.85173
243.2;0.82948
245.2;0.80778
247.2;0.78754
248.2;0.77821
258.2;0.68743
268.2;0.60920
278.2;0.54170
288.2;0.48206
298.2;0.43898
308.2;0.40516
318.2;0.37949
328.2;0.35522
338.2;0.33362
348.2;0.31310
358.2;0.29317
368.2;0.27511
378.2;0.25848
388.2;0.24188
398.2;0.22636
408.2;0.21040
411.2;0.20629
End:; 
Origin of data [Measured/Computed]:; Measured
Machine/Treatment room:; ptRoom1PBS_RF4_241230
Snout name:; ptRoom1PBS_RF4
Range modulator name:; RF4
Radiation type:; Carbon
Curve type [Depth/X/Y/AbsoluteDosimetry]:; Depth
Medium:; Water
Single spot [Yes/No]:; Yes
Isocenter to snout distance [mm]:; 680
Isocenter to phantom surface distance [mm]:; 150
Detector lateral shape [Quadratic/Circular]:; Quadratic
Detector lateral side/diameter [mm]:; 80
Nominal beam energy [MeV]:; 4313.28
Measured dose curve (Depth [mm] Dose [a.u.]):; 
11.2;2.55630
21.2;2.55610
31.2;2.54200
41.2;2.53780
51.2;2.53120
61.2;2.51660
71.2;2.52040
81.2;2.51020
91.2;2.52530
101.2;2.53300
111.2;2.54140
121.2;2.55790
131.2;2.58010
141.2;2.62320
151.2;2.67250
161.2;2.74530
171.2;2.84350
176.2;2.92340
181.2;3.00330
186.2;3.09550
191.2;3.22430
196.2;3.38200
201.2;3.57280
203.2;3.65860
205.2;3.74930
207.2;3.86490
209.2;3.97710
211.2;4.11300
211.7;4.15670
212.2;4.20740
212.7;4.25630
213.2;4.31870
213.7;4.37240
214.2;4.44880
214.7;4.50330
215.2;4.55810
215.7;4.62240
216.2;4.70010
216.7;4.78250
217.2;4.89150
217.7;5.01060
218.2;5.13220
218.7;5.29170
219.2;5.45550
219.7;5.65970
220.2;5.91600
220.7;6.23850
221.2;6.59860
221.4;6.73470
221.6;6.84740
221.8;6.93360
222.0;6.99070
222.2;7.00220
222.4;7.00450
222.6;6.95170
222.8;6.90370
223.0;6.81300
223.2;6.72100
223.4;6.59620
223.6;6.48120
223.8;6.33270
224.0;6.18660
224.2;6.03060
224.4;5.83420
224.6;5.66150
224.8;5.45570
225.0;5.21130
225.2;4.97650
225.4;4.76140
225.6;4.54650
225.8;4.29670
226.0;4.05570
226.2;3.84330
226.4;3.59030
226.6;3.32430
226.8;3.14270
227.0;2.88010
227.2;2.65410
227.4;2.39980
227.6;2.18980
227.8;1.97610
228.0;1.79180
228.2;1.60170
228.4;1.43290
228.6;1.30930
228.8;1.20520
229.0;1.13530
229.2;1.07720
229.4;1.04310
229.6;1.02300
229.8;1.01120
230.0;1.00260
230.2;0.99708
230.7;0.98559
231.2;0.97815
231.7;0.97131
232.2;0.96769
232.7;0.95973
233.2;0.95401
233.7;0.94559
234.2;0.94085
234.7;0.93542
235.2;0.92673
237.2;0.90212
239.2;0.88018
241.2;0.85829
243.2;0.83713
245.2;0.81764
247.2;0.79615
249.2;0.77758
250.2;0.76799
260.2;0.68069
270.2;0.60049
280.2;0.53273
290.2;0.47453
300.2;0.42981
310.2;0.39832
320.2;0.37315
330.2;0.34943
340.2;0.32948
350.2;0.30935
360.2;0.29092
370.2;0.27228
380.2;0.25577
390.2;0.23833
400.2;0.22293
410.2;0.20922
411.2;0.20908
End:; 
Origin of data [Measured/Computed]:; Measured
Machine/Treatment room:; ptRoom1PBS_RF4_241230
Snout name:; ptRoom1PBS_RF4
Range modulator name:; RF4
Radiation type:; Carbon
Curve type [Depth/X/Y/AbsoluteDosimetry]:; Depth
Medium:; Water
Single spot [Yes/No]:; Yes
Isocenter to snout distance [mm]:; 680
Isocenter to phantom surface distance [mm]:; 150
Detector lateral shape [Quadratic/Circular]:; Quadratic
Detector lateral side/diameter [mm]:; 80
Nominal beam energy [MeV]:; 4336.08
Measured dose curve (Depth [mm] Dose [a.u.]):; 
11.2;1.37370
21.2;1.37100
31.2;1.36800
41.2;1.36340
51.2;1.35780
61.2;1.35520
71.2;1.35290
81.2;1.35150
91.2;1.35230
101.2;1.35600
111.2;1.36160
121.2;1.37240
131.2;1.38530
141.2;1.40570
151.2;1.43160
161.2;1.46910
171.2;1.52120
178.2;1.56960
183.2;1.61380
188.2;1.66590
193.2;1.73340
198.2;1.81600
203.2;1.91720
205.2;1.96380
207.2;2.01430
209.2;2.06990
211.2;2.13520
213.2;2.21200
213.7;2.23550
214.2;2.25790
214.7;2.28210
215.2;2.30780
215.7;2.33770
216.2;2.36550
216.7;2.39850
217.2;2.43060
217.7;2.47490
218.2;2.51250
218.7;2.55880
219.2;2.61230
219.7;2.66140
220.2;2.73110
220.7;2.80600
221.2;2.90050
221.7;3.01660
222.2;3.15040
222.7;3.27970
223.2;3.50340
223.4;3.55630
223.6;3.61470
223.8;3.71140
224.0;3.73770
224.2;3.74750
224.4;3.76960
224.6;3.76110
224.8;3.73620
225.0;3.70640
225.2;3.66450
225.4;3.61120
225.6;3.56160
225.8;3.48810
226.0;3.42460
226.2;3.33240
226.4;3.27340
226.6;3.15450
226.8;3.03980
227.0;3.00960
227.2;2.88500
227.4;2.72360
227.6;2.61790
227.8;2.51510
228.0;2.35110
228.2;2.24520
228.4;2.13660
228.6;1.94840
228.8;1.85110
229.0;1.67510
229.2;1.54760
229.4;1.43600
229.6;1.33230
229.8;1.15150
230.0;1.04040
230.2;0.96402
230.4;0.85692
230.6;0.76870
230.8;0.69285
231.0;0.64640
231.2;0.60034
231.4;0.58102
231.6;0.56539
231.8;0.55692
232.0;0.55129
232.2;0.54758
232.7;0.54202
233.2;0.53829
233.7;0.53345
234.2;0.53012
234.7;0.52594
235.2;0.52320
235.7;0.51891
236.2;0.51518
236.7;0.51178
237.2;0.50841
239.2;0.49671
241.2;0.48386
243.2;0.47134
245.2;0.46033
247.2;0.44919
249.2;0.43834
251.2;0.42763
252.2;0.42275
262.2;0.37454
272.2;0.33126
282.2;0.29433
292.2;0.26196
302.2;0.23744
312.2;0.21859
322.2;0.20436
332.2;0.19192
342.2;0.18038
352.2;0.16946
362.2;0.15899
372.2;0.14900
382.2;0.13961
392.2;0.13054
402.2;0.12226
411.2;0.11502
End:; 
Origin of data [Measured/Computed]:; Measured
Machine/Treatment room:; ptRoom1PBS_RF4_241230
Snout name:; ptRoom1PBS_RF4
Range modulator name:; RF4
Radiation type:; Carbon
Curve type [Depth/X/Y/AbsoluteDosimetry]:; Depth
Medium:; Water
Single spot [Yes/No]:; Yes
Isocenter to snout distance [mm]:; 680
Isocenter to phantom surface distance [mm]:; 150
Detector lateral shape [Quadratic/Circular]:; Quadratic
Detector lateral side/diameter [mm]:; 80
Nominal beam energy [MeV]:; 4358.76
Measured dose curve (Depth [mm] Dose [a.u.]):; 
11.2;1.37100
21.2;1.36900
31.2;1.36420
41.2;1.35890
51.2;1.35540
61.2;1.35170
71.2;1.34770
81.2;1.34640
91.2;1.34660
101.2;1.34950
111.2;1.35550
121.2;1.36390
131.2;1.37670
141.2;1.39430
151.2;1.41970
161.2;1.45380
171.2;1.50240
180.2;1.56130
185.2;1.60470
190.2;1.65710
195.2;1.72320
200.2;1.80550
205.2;1.90550
207.2;1.95070
209.2;2.00000
211.2;2.05480
213.2;2.11910
215.2;2.19360
215.7;2.21580
216.2;2.23900
216.7;2.26220
217.2;2.28740
217.7;2.31450
218.2;2.33970
218.7;2.37220
219.2;2.40730
219.7;2.44770
220.2;2.48390
220.7;2.53370
221.2;2.57850
221.7;2.63880
222.2;2.70120
222.7;2.77190
223.2;2.85510
223.7;2.96860
224.2;3.08660
224.7;3.25240
225.2;3.43280
225.4;3.49220
225.6;3.57280
225.8;3.61710
226.0;3.67780
226.2;3.70120
226.4;3.72320
226.6;3.72260
226.8;3.70550
227.0;3.68430
227.2;3.65090
227.4;3.60670
227.6;3.55970
227.8;3.49690
228.0;3.44820
228.2;3.37690
228.4;3.28270
228.6;3.21100
228.8;3.10030
229.0;3.00150
229.2;2.92990
229.4;2.82130
229.6;2.69380
229.8;2.57830
230.0;2.42980
230.2;2.31180
230.4;2.14310
230.6;2.03480
230.8;1.91480
231.0;1.75710
231.2;1.61050
231.4;1.51460
231.6;1.33360
231.8;1.20560
232.0;1.07960
232.2;0.95350
232.4;0.89897
232.6;0.77101
232.8;0.71117
233.0;0.65603
233.2;0.61953
233.4;0.58956
233.6;0.57096
233.8;0.55933
234.0;0.55428
234.2;0.54973
234.7;0.54332
235.2;0.53806
235.7;0.53556
236.2;0.53049
236.7;0.52780
237.2;0.52314
237.7;0.52047
238.2;0.51691
238.7;0.51319
239.2;0.50942
241.2;0.49682
243.2;0.48440
245.2;0.47259
247.2;0.46140
249.2;0.45079
251.2;0.43920
253.2;0.42904
254.2;0.42372
264.2;0.37594
274.2;0.33313
284.2;0.29643
294.2;0.26402
304.2;0.23871
314.2;0.21967
324.2;0.20521
334.2;0.19290
344.2;0.18141
354.2;0.17023
364.2;0.16004
374.2;0.15030
384.2;0.14092
394.2;0.13161
404.2;0.12330
411.2;0.11748
End:; 
Origin of data [Measured/Computed]:; Measured
Machine/Treatment room:; ptRoom1PBS_RF4_241230
Snout name:; ptRoom1PBS_RF4
Range modulator name:; RF4
Radiation type:; Carbon
Curve type [Depth/X/Y/AbsoluteDosimetry]:; Depth
Medium:; Water
Single spot [Yes/No]:; Yes
Isocenter to snout distance [mm]:; 680
Isocenter to phantom surface distance [mm]:; 150
Detector lateral shape [Quadratic/Circular]:; Quadratic
Detector lateral side/diameter [mm]:; 80
Nominal beam energy [MeV]:; 4381.2
Measured dose curve (Depth [mm] Dose [a.u.]):; 
11.2;2.48400
21.2;2.47250
31.2;2.46210
41.2;2.45640
51.2;2.45050
61.2;2.44530
71.2;2.44160
81.2;2.43400
91.2;2.43670
101.2;2.43810
111.2;2.45660
121.2;2.46510
131.2;2.48780
141.2;2.51510
151.2;2.55060
161.2;2.60650
171.2;2.68650
181.2;2.80200
182.2;2.81970
187.2;2.89390
192.2;2.99610
197.2;3.11870
202.2;3.28230
207.2;3.45440
209.2;3.52380
211.2;3.60890
213.2;3.71220
215.2;3.82800
217.2;3.95490
217.7;3.99400
218.2;4.03760
218.7;4.07460
219.2;4.12190
219.7;4.17670
220.2;4.22480
220.7;4.29280
221.2;4.35200
221.7;4.41630
222.2;4.48570
222.7;4.55870
223.2;4.65270
223.7;4.74640
224.2;4.86220
224.7;4.98660
225.2;5.15290
225.7;5.34120
226.2;5.58130
226.7;5.86860
227.2;6.19470
227.4;6.33140
227.6;6.44040
227.8;6.54690
228.0;6.60550
228.2;6.64560
228.4;6.67560
228.6;6.66540
228.8;6.62350
229.0;6.56160
229.2;6.49400
229.4;6.40070
229.6;6.32830
229.8;6.19980
230.0;6.07740
230.2;5.92680
230.4;5.78810
230.6;5.62950
230.8;5.43950
231.0;5.27580
231.2;5.06910
231.4;4.88200
231.6;4.67860
231.8;4.46810
232.0;4.24090
232.2;4.01670
232.4;3.76910
232.6;3.52610
232.8;3.30740
233.0;3.09000
233.2;2.89410
233.4;2.65430
233.6;2.41490
233.8;2.16960
234.0;1.94230
234.2;1.73930
234.4;1.55280
234.6;1.40760
234.8;1.25860
235.0;1.16660
235.2;1.10580
235.4;1.05550
235.6;1.02620
235.8;1.00930
236.0;0.99665
236.2;0.98810
236.7;0.97762
237.2;0.97514
237.7;0.96576
238.2;0.96002
238.7;0.95197
239.2;0.94499
239.7;0.93937
240.2;0.93244
240.7;0.92493
241.2;0.91781
243.2;0.89505
245.2;0.87659
247.2;0.85537
249.2;0.83425
251.2;0.81259
253.2;0.79427
255.2;0.77563
256.2;0.76971
266.2;0.68202
276.2;0.60298
286.2;0.53714
296.2;0.47904
306.2;0.43307
316.2;0.40025
326.2;0.37420
336.2;0.35110
346.2;0.32989
356.2;0.31085
366.2;0.29295
376.2;0.27496
386.2;0.25831
396.2;0.24134
406.2;0.22752
416.2;0.21179
426.2;0.19806
436.2;0.18526
446.2;0.17370
456.2;0.16051
End:; 
Origin of data [Measured/Computed]:; Measured
Machine/Treatment room:; ptRoom1PBS_RF4_241230
Snout name:; ptRoom1PBS_RF4
Range modulator name:; RF4
Radiation type:; Carbon
Curve type [Depth/X/Y/AbsoluteDosimetry]:; Depth
Medium:; Water
Single spot [Yes/No]:; Yes
Isocenter to snout distance [mm]:; 680
Isocenter to phantom surface distance [mm]:; 150
Detector lateral shape [Quadratic/Circular]:; Quadratic
Detector lateral side/diameter [mm]:; 80
Nominal beam energy [MeV]:; 4403.64
Measured dose curve (Depth [mm] Dose [a.u.]):; 
11.2;5.01410
21.2;5.00370
31.2;4.99000
41.2;4.96820
51.2;4.94400
61.2;4.91660
71.2;4.88890
81.2;4.87240
91.2;4.86250
101.2;4.85330
111.2;4.85920
121.2;4.88540
131.2;4.92250
141.2;4.97360
151.2;5.04160
161.2;5.13930
171.2;5.28890
181.2;5.48200
184.2;5.55130
189.2;5.70480
194.2;5.90280
199.2;6.12650
204.2;6.38750
209.2;6.72060
211.2;6.89080
213.2;7.06610
215.2;7.24210
217.2;7.45390
219.2;7.71080
219.7;7.80270
220.2;7.91240
220.7;8.00790
221.2;8.08790
221.7;8.17700
222.2;8.28370
222.7;8.39730
223.2;8.51010
223.7;8.62940
224.2;8.77640
224.7;8.94760
225.2;9.13140
225.7;9.32790
226.2;9.52150
226.7;9.75660
227.2;10.06700
227.7;10.40600
228.2;10.80700
228.7;11.31400
229.2;11.97200
229.4;12.31100
229.6;12.56900
229.8;12.73400
230.0;12.90900
230.2;13.02700
230.4;13.07500
230.6;13.06900
230.8;13.02000
231.0;12.94100
231.2;12.83300
231.4;12.68800
231.6;12.50200
231.8;12.27500
232.0;11.98200
232.2;11.66900
232.4;11.39000
232.6;11.05700
232.8;10.65300
233.0;10.32100
233.2;10.00700
233.4;9.71130
233.6;9.41200
233.8;9.00700
234.0;8.67010
234.2;8.30850
234.4;7.83690
234.6;7.51770
234.8;7.20330
235.0;6.63660
235.2;6.02490
235.4;5.56020
235.6;5.08650
235.8;4.50390
236.0;4.00520
236.2;3.65370
236.4;3.31480
236.6;2.95950
236.8;2.66090
237.0;2.43020
237.2;2.25700
237.4;2.14810
237.6;2.06940
237.8;2.01440
238.0;1.98080
238.2;1.95610
238.7;1.91930
239.2;1.90090
239.7;1.89210
240.2;1.88210
240.7;1.86740
241.2;1.85240
241.7;1.83970
242.2;1.82930
242.7;1.82130
243.2;1.81150
245.2;1.76380
247.2;1.71850
249.2;1.67600
251.2;1.63480
253.2;1.59410
255.2;1.55310
257.2;1.51570
258.2;1.49890
268.2;1.33490
278.2;1.18480
288.2;1.05280
298.2;0.93930
308.2;0.84832
318.2;0.77901
328.2;0.72448
338.2;0.67928
348.2;0.63987
358.2;0.60270
368.2;0.56602
378.2;0.53000
388.2;0.49589
398.2;0.46543
408.2;0.43784
418.2;0.40982
428.2;0.38169
438.2;0.35562
448.2;0.33132
458.2;0.30772
461.2;0.30134
End:; 
Origin of data [Measured/Computed]:; Measured
Machine/Treatment room:; ptRoom1PBS_RF4_241230
Snout name:; ptRoom1PBS_RF4
Range modulator name:; RF4
Radiation type:; Carbon
Curve type [Depth/X/Y/AbsoluteDosimetry]:; Depth
Medium:; Water
Single spot [Yes/No]:; Yes
Isocenter to snout distance [mm]:; 680
Isocenter to phantom surface distance [mm]:; 150
Detector lateral shape [Quadratic/Circular]:; Quadratic
Detector lateral side/diameter [mm]:; 80
Nominal beam energy [MeV]:; 4425.96
Measured dose curve (Depth [mm] Dose [a.u.]):; 
11.3;1.37120
21.3;1.36770
31.3;1.36220
41.3;1.35690
51.3;1.35200
61.3;1.34690
71.3;1.34160
81.3;1.33990
91.3;1.33810
101.3;1.34050
111.3;1.34420
121.3;1.34900
131.3;1.35950
141.3;1.37420
151.3;1.39370
161.3;1.42180
171.3;1.46040
181.3;1.51500
186.3;1.54990
191.3;1.59300
196.3;1.64450
201.3;1.71050
206.3;1.79060
211.3;1.88680
213.3;1.93010
215.3;1.97930
217.3;2.03310
219.3;2.09480
221.3;2.17060
221.8;2.19030
222.3;2.21180
222.8;2.23620
223.3;2.26110
223.8;2.28690
224.3;2.31720
224.8;2.34860
225.3;2.37830
225.8;2.41730
226.3;2.45590
226.8;2.50100
227.3;2.55420
227.8;2.60620
228.3;2.66650
228.8;2.74190
229.3;2.82170
229.8;2.92800
230.3;3.04430
230.8;3.20800
231.3;3.38930
231.5;3.47050
231.7;3.54460
231.9;3.59630
232.1;3.65720
232.3;3.68780
232.5;3.71200
232.7;3.71100
232.9;3.69270
233.1;3.66370
233.3;3.61990
233.5;3.58220
233.7;3.52540
233.9;3.46070
234.1;3.37210
234.3;3.28870
234.5;3.19530
234.7;3.11860
234.9;3.01720
235.1;2.92980
235.3;2.80420
235.5;2.69730
235.7;2.57590
235.9;2.47550
236.1;2.35120
236.3;2.22420
236.5;2.07380
236.7;1.94360
236.9;1.83120
237.1;1.68400
237.3;1.55940
237.5;1.44470
237.7;1.32170
237.9;1.19250
238.1;1.07110
238.3;0.97160
238.5;0.88258
238.7;0.78472
238.9;0.71765
239.1;0.66507
239.3;0.62529
239.5;0.59767
239.7;0.57844
239.9;0.56305
240.1;0.55633
240.3;0.55076
240.8;0.54411
241.3;0.53965
241.8;0.53595
242.3;0.53262
242.8;0.52822
243.3;0.52509
243.8;0.52141
244.3;0.51825
244.8;0.51465
245.3;0.51172
247.3;0.49845
249.3;0.48718
251.3;0.47530
253.3;0.46436
255.3;0.45309
257.3;0.44287
259.3;0.43259
260.3;0.42782
270.3;0.38048
280.3;0.33799
290.3;0.30100
300.3;0.26901
310.3;0.24300
320.3;0.22356
330.3;0.20883
340.3;0.19626
350.3;0.18467
360.3;0.17364
370.3;0.16327
380.3;0.15334
390.3;0.14406
400.3;0.13489
410.3;0.12631
420.3;0.11826
430.3;0.11073
440.3;0.10320
450.3;0.09613
460.3;0.08952
461.3;0.08894
End:; 
Origin of data [Measured/Computed]:; Measured
Machine/Treatment room:; ptRoom1PBS_RF4_241230
Snout name:; ptRoom1PBS_RF4
Range modulator name:; RF4
Radiation type:; Carbon
Curve type [Depth/X/Y/AbsoluteDosimetry]:; Depth
Medium:; Water
Single spot [Yes/No]:; Yes
Isocenter to snout distance [mm]:; 680
Isocenter to phantom surface distance [mm]:; 150
Detector lateral shape [Quadratic/Circular]:; Quadratic
Detector lateral side/diameter [mm]:; 80
Nominal beam energy [MeV]:; 4448.16
Measured dose curve (Depth [mm] Dose [a.u.]):; 
11.3;2.45000
21.3;2.44510
31.3;2.43870
41.3;2.42070
51.3;2.41080
61.3;2.39850
71.3;2.39140
81.3;2.38420
91.3;2.38300
101.3;2.38520
111.3;2.38680
121.3;2.39590
131.3;2.40780
141.3;2.43680
151.3;2.46880
161.3;2.51140
171.3;2.57920
181.3;2.66680
188.3;2.74640
193.3;2.81850
198.3;2.91810
203.3;3.03490
208.3;3.17800
213.3;3.34410
215.3;3.41940
217.3;3.50050
219.3;3.59770
221.3;3.71530
223.3;3.83320
223.8;3.86610
224.3;3.90810
224.8;3.93990
225.3;3.99200
225.8;4.04740
226.3;4.08940
226.8;4.14220
227.3;4.19630
227.8;4.26420
228.3;4.32900
228.8;4.42440
229.3;4.50900
229.8;4.60990
230.3;4.72410
230.8;4.85790
231.3;4.98250
231.8;5.14470
232.3;5.36580
232.8;5.65580
233.3;5.98610
233.5;6.13060
233.7;6.33780
233.9;6.42920
234.1;6.46400
234.3;6.48320
234.5;6.46870
234.7;6.46130
234.9;6.41510
235.1;6.36170
235.3;6.31410
235.5;6.21200
235.7;6.09020
235.9;5.95930
236.1;5.83680
236.3;5.67920
236.5;5.52360
236.7;5.33170
236.9;5.20730
237.1;5.10280
237.3;4.86700
237.5;4.66740
237.7;4.55200
237.9;4.25200
238.1;4.13980
238.3;3.90220
238.5;3.65750
238.7;3.47050
238.9;3.32570
239.1;3.18400
239.3;2.97370
239.5;2.70860
239.7;2.55800
239.9;2.25420
240.1;2.05510
240.3;1.83870
240.5;1.67950
240.7;1.47450
240.9;1.33430
241.1;1.22260
241.3;1.13340
241.5;1.07890
241.7;1.02710
241.9;0.99792
242.1;0.98283
242.3;0.96977
242.8;0.95779
243.3;0.95097
243.8;0.94763
244.3;0.93976
244.8;0.93058
245.3;0.92799
245.8;0.92308
246.3;0.91202
246.8;0.90840
247.3;0.90203
249.3;0.88321
251.3;0.86244
253.3;0.83989
255.3;0.81760
257.3;0.79900
259.3;0.78304
261.3;0.76329
262.3;0.75430
272.3;0.67374
282.3;0.60000
292.3;0.53666
302.3;0.48225
312.3;0.43311
322.3;0.39746
332.3;0.37371
342.3;0.35056
352.3;0.33021
362.3;0.31180
372.3;0.29397
382.3;0.27678
392.3;0.25935
402.3;0.24442
412.3;0.22866
422.3;0.21459
432.3;0.20106
442.3;0.18735
452.3;0.17460
End:; 
Origin of data [Measured/Computed]:; Measured
Machine/Treatment room:; ptRoom1PBS_RF4_241230
Snout name:; ptRoom1PBS_RF4
Range modulator name:; RF4
Radiation type:; Carbon
Curve type [Depth/X/Y/AbsoluteDosimetry]:; Depth
Medium:; Water
Single spot [Yes/No]:; Yes
Isocenter to snout distance [mm]:; 680
Isocenter to phantom surface distance [mm]:; 150
Detector lateral shape [Quadratic/Circular]:; Quadratic
Detector lateral side/diameter [mm]:; 80
Nominal beam energy [MeV]:; 4470.12
Measured dose curve (Depth [mm] Dose [a.u.]):; 
11.3;2.40170
21.3;2.39120
31.3;2.38790
41.3;2.37050
51.3;2.35830
61.3;2.34650
71.3;2.33620
81.3;2.33020
91.3;2.32270
101.3;2.32600
111.3;2.33450
121.3;2.33850
131.3;2.35030
141.3;2.36860
151.3;2.41720
161.3;2.46800
171.3;2.53140
181.3;2.60770
190.3;2.70370
195.3;2.77430
200.3;2.86100
205.3;2.96850
210.3;3.11350
215.3;3.27610
217.3;3.34900
219.3;3.44240
221.3;3.53610
223.3;3.63750
225.3;3.76230
225.8;3.79240
226.3;3.83130
226.8;3.88570
227.3;3.93300
227.8;3.98110
228.3;4.03670
228.8;4.08410
229.3;4.13970
229.8;4.20600
230.3;4.27410
230.8;4.35020
231.3;4.43780
231.8;4.54870
232.3;4.66450
232.8;4.78610
233.3;4.93280
233.8;5.12000
234.3;5.33670
234.8;5.62120
235.3;5.94400
235.5;6.09710
235.7;6.20240
235.9;6.28480
236.1;6.35350
236.3;6.39880
236.5;6.40570
236.7;6.37450
236.9;6.33460
237.1;6.25460
237.3;6.17510
237.5;6.06730
237.7;5.94740
237.9;5.79570
238.1;5.63030
238.3;5.47480
238.5;5.28070
238.7;5.09690
238.9;4.89720
239.1;4.71890
239.3;4.48640
239.5;4.31020
239.7;4.13120
239.9;3.91420
240.1;3.70340
240.3;3.48190
240.5;3.32650
240.7;3.10800
240.9;2.91690
241.1;2.72590
241.3;2.54010
241.5;2.35950
241.7;2.14210
241.9;1.97760
242.1;1.80650
242.3;1.62190
242.5;1.44540
242.7;1.32570
242.9;1.21960
243.1;1.12220
243.3;1.06590
243.5;1.01800
243.7;0.98781
243.9;0.97224
244.1;0.96471
244.3;0.95157
244.8;0.94023
245.3;0.93293
245.8;0.92882
246.3;0.92169
246.8;0.91637
247.3;0.90553
247.8;0.90222
248.3;0.89571
248.8;0.89375
249.3;0.88385
251.3;0.86385
253.3;0.84308
255.3;0.82350
257.3;0.80365
259.3;0.78364
261.3;0.76632
263.3;0.74887
264.3;0.74061
274.3;0.66253
284.3;0.59048
294.3;0.52878
304.3;0.47275
314.3;0.42888
324.3;0.39425
334.3;0.36651
344.3;0.34933
354.3;0.32910
364.3;0.30890
374.3;0.29123
384.3;0.27114
394.3;0.25577
404.3;0.24027
414.3;0.22512
424.3;0.21245
434.3;0.19772
444.3;0.18563
454.3;0.17335
End:; 
Origin of data [Measured/Computed]:; Measured
Machine/Treatment room:; ptRoom1PBS_RF4_241230
Snout name:; ptRoom1PBS_RF4
Range modulator name:; RF4
Radiation type:; Carbon
Curve type [Depth/X/Y/AbsoluteDosimetry]:; Depth
Medium:; Water
Single spot [Yes/No]:; Yes
Isocenter to snout distance [mm]:; 680
Isocenter to phantom surface distance [mm]:; 150
Detector lateral shape [Quadratic/Circular]:; Quadratic
Detector lateral side/diameter [mm]:; 80
Nominal beam energy [MeV]:; 4492.08
Measured dose curve (Depth [mm] Dose [a.u.]):; 
11.3;2.34550
21.3;2.34360
31.3;2.32810
41.3;2.31430
51.3;2.30260
61.3;2.29540
71.3;2.28850
81.3;2.27610
91.3;2.26930
101.3;2.26780
111.3;2.26590
121.3;2.27470
131.3;2.29800
141.3;2.31350
151.3;2.33870
161.3;2.37260
171.3;2.43090
181.3;2.51360
191.3;2.61580
192.3;2.63520
197.3;2.69570
202.3;2.78360
207.3;2.89540
212.3;3.02800
217.3;3.18160
219.3;3.25790
221.3;3.33740
223.3;3.43270
225.3;3.52610
227.3;3.65160
227.8;3.68730
228.3;3.72920
228.8;3.76060
229.3;3.79770
229.8;3.85060
230.3;3.89270
230.8;3.94200
231.3;4.00000
231.8;4.06270
232.3;4.12150
232.8;4.19690
233.3;4.27290
233.8;4.37550
234.3;4.48410
234.8;4.60290
235.3;4.76140
235.8;4.92820
236.3;5.14110
236.8;5.52880
237.3;5.75480
237.5;5.89330
237.7;5.96080
237.9;6.02780
238.1;6.08630
238.3;6.08780
238.5;6.09010
238.7;6.06430
238.9;6.06600
239.1;6.00800
239.3;5.94660
239.5;5.85660
239.7;5.74630
239.9;5.62290
240.1;5.48090
240.3;5.36590
240.5;5.26440
240.7;5.04320
240.9;4.88370
241.1;4.73920
241.3;4.62010
241.5;4.34640
241.7;4.21560
241.9;4.04950
242.1;3.92170
242.3;3.63140
242.5;3.43250
242.7;3.25140
242.9;3.13980
243.1;2.91730
243.3;2.64460
243.5;2.56600
243.7;2.31880
243.9;2.09730
244.1;1.95510
244.3;1.72530
244.5;1.52150
244.7;1.39810
244.9;1.23710
245.1;1.13840
245.3;1.07270
245.5;1.02060
245.7;0.97478
245.9;0.95358
246.1;0.93662
246.3;0.93576
246.8;0.92281
247.3;0.91242
247.8;0.90287
248.3;0.89826
248.8;0.88841
249.3;0.88226
249.8;0.87639
250.3;0.87119
250.8;0.86835
251.3;0.86418
253.3;0.84122
255.3;0.82102
257.3;0.80300
259.3;0.78523
261.3;0.76722
263.3;0.74882
265.3;0.73327
266.3;0.72429
276.3;0.64711
286.3;0.57697
296.3;0.51421
306.3;0.46080
316.3;0.41816
326.3;0.38277
336.3;0.35850
346.3;0.33808
356.3;0.31861
366.3;0.30046
376.3;0.28264
386.3;0.26587
396.3;0.25028
406.3;0.23520
416.3;0.22177
426.3;0.20680
436.3;0.19600
446.3;0.18269
456.3;0.16999
End:; 
Origin of data [Measured/Computed]:; Measured
Machine/Treatment room:; ptRoom1PBS_RF4_241230
Snout name:; ptRoom1PBS_RF4
Range modulator name:; RF4
Radiation type:; Carbon
Curve type [Depth/X/Y/AbsoluteDosimetry]:; Depth
Medium:; Water
Single spot [Yes/No]:; Yes
Isocenter to snout distance [mm]:; 680
Isocenter to phantom surface distance [mm]:; 150
Detector lateral shape [Quadratic/Circular]:; Quadratic
Detector lateral side/diameter [mm]:; 80
Nominal beam energy [MeV]:; 4513.8
Measured dose curve (Depth [mm] Dose [a.u.]):; 
11.3;2.29420
21.3;2.28070
31.3;2.26830
41.3;2.25770
51.3;2.24500
61.3;2.23730
71.3;2.22190
81.3;2.21470
91.3;2.21660
101.3;2.21050
111.3;2.21410
121.3;2.21840
131.3;2.23080
141.3;2.24450
151.3;2.27540
161.3;2.31040
171.3;2.36220
181.3;2.42270
191.3;2.51510
194.3;2.55870
199.3;2.62550
204.3;2.70840
209.3;2.81270
214.3;2.94530
219.3;3.10260
221.3;3.18210
223.3;3.26580
225.3;3.34760
227.3;3.45310
229.3;3.56890
229.8;3.60210
230.3;3.63410
230.8;3.67770
231.3;3.71200
231.8;3.75650
232.3;3.82010
232.8;3.86700
233.3;3.91910
233.8;3.97200
234.3;4.03620
234.8;4.10830
235.3;4.20160
235.8;4.29650
236.3;4.39750
236.8;4.51730
237.3;4.67740
237.8;4.85080
238.3;5.07360
238.8;5.35450
239.3;5.68800
239.5;5.77170
239.7;5.85410
239.9;5.96230
240.1;6.04930
240.3;6.06780
240.5;6.07390
240.7;6.08280
240.9;6.02430
241.1;5.96350
241.3;5.84910
241.5;5.74710
241.7;5.60480
241.9;5.46560
242.1;5.30150
242.3;5.16550
242.5;4.99400
242.7;4.85010
242.9;4.67020
243.1;4.47460
243.3;4.27260
243.5;4.04930
243.7;3.82710
243.9;3.61810
244.1;3.44270
244.3;3.18060
244.5;3.00760
244.7;2.75850
244.9;2.55880
245.1;2.38780
245.3;2.21040
245.5;2.04310
245.7;1.86210
245.9;1.71470
246.1;1.55240
246.3;1.44340
246.5;1.30300
246.7;1.19700
246.9;1.11940
247.1;1.05730
247.3;0.99798
247.5;0.96592
247.7;0.94354
247.9;0.92443
248.1;0.91545
248.3;0.91122
248.8;0.90060
249.3;0.89493
249.8;0.88760
250.3;0.88160
250.8;0.87535
251.3;0.86958
251.8;0.86335
252.3;0.85831
252.8;0.85420
253.3;0.84802
255.3;0.83122
257.3;0.81032
259.3;0.79531
261.3;0.77591
263.3;0.75767
265.3;0.73982
267.3;0.72222
268.3;0.71634
278.3;0.63864
288.3;0.57103
298.3;0.51109
308.3;0.45739
318.3;0.41514
328.3;0.38123
338.3;0.35783
348.3;0.33514
358.3;0.31636
368.3;0.30000
378.3;0.28189
388.3;0.26549
398.3;0.24987
408.3;0.23555
418.3;0.22129
428.3;0.20631
438.3;0.19295
448.3;0.18107
End:; 
Origin of data [Measured/Computed]:; Measured
Machine/Treatment room:; ptRoom1PBS_RF4_241230
Snout name:; ptRoom1PBS_RF4
Range modulator name:; RF4
Radiation type:; Carbon
Curve type [Depth/X/Y/AbsoluteDosimetry]:; Depth
Medium:; Water
Single spot [Yes/No]:; Yes
Isocenter to snout distance [mm]:; 680
Isocenter to phantom surface distance [mm]:; 150
Detector lateral shape [Quadratic/Circular]:; Quadratic
Detector lateral side/diameter [mm]:; 80
Nominal beam energy [MeV]:; 4535.4
Measured dose curve (Depth [mm] Dose [a.u.]):; 
11.3;1.36470
21.3;1.36030
31.3;1.35350
41.3;1.34600
51.3;1.33950
61.3;1.33340
71.3;1.32860
81.3;1.32380
91.3;1.31990
101.3;1.31950
111.3;1.31900
121.3;1.32280
131.3;1.32830
141.3;1.33750
151.3;1.35110
161.3;1.37050
171.3;1.39780
181.3;1.43520
191.3;1.48730
196.3;1.52110
201.3;1.56400
206.3;1.61400
211.3;1.67710
216.3;1.75220
221.3;1.84400
223.3;1.88370
225.3;1.93040
227.3;1.98250
229.3;2.03990
231.3;2.11030
231.8;2.13100
232.3;2.15190
232.8;2.17510
233.3;2.19680
233.8;2.22200
234.3;2.25050
234.8;2.27920
235.3;2.31110
235.8;2.34410
236.3;2.38490
236.8;2.42550
237.3;2.47230
237.8;2.52640
238.3;2.58580
238.8;2.65410
239.3;2.73140
239.8;2.81580
240.3;2.93560
240.8;3.07590
241.3;3.24070
241.5;3.31450
241.7;3.38330
241.9;3.42290
242.1;3.46830
242.3;3.50260
242.5;3.51260
242.7;3.51730
242.9;3.51180
243.1;3.49040
243.3;3.46390
243.5;3.43120
243.7;3.38750
243.9;3.34260
244.1;3.30130
244.3;3.22660
244.5;3.15500
244.7;3.10090
244.9;3.00000
245.1;2.91690
245.3;2.82600
245.5;2.72630
245.7;2.62200
245.9;2.50540
246.1;2.41350
246.3;2.28920
246.5;2.14770
246.7;2.01980
246.9;1.90740
247.1;1.80830
247.3;1.63850
247.5;1.51190
247.7;1.37900
247.9;1.24990
248.1;1.14200
248.3;1.02540
248.5;0.89668
248.7;0.80576
248.9;0.74348
249.1;0.67138
249.3;0.63378
249.5;0.60015
249.7;0.57916
249.9;0.56841
250.1;0.55816
250.3;0.55283
250.8;0.54626
251.3;0.54181
251.8;0.53848
252.3;0.53487
252.8;0.53109
253.3;0.52731
253.8;0.52407
254.3;0.52077
254.8;0.51759
255.3;0.51470
257.3;0.50210
259.3;0.49072
261.3;0.47934
263.3;0.46891
265.3;0.45807
267.3;0.44834
269.3;0.43818
270.3;0.43336
280.3;0.38761
290.3;0.34580
300.3;0.30972
310.3;0.27763
320.3;0.25047
330.3;0.22999
340.3;0.21449
350.3;0.20136
360.3;0.18980
370.3;0.17899
380.3;0.16868
390.3;0.15872
400.3;0.14910
410.3;0.13998
420.3;0.13149
430.3;0.12336
440.3;0.11540
450.3;0.10802
460.3;0.10110
461.3;0.10032
End:; 
Origin of data [Measured/Computed]:; Measured
Machine/Treatment room:; ptRoom1PBS_RF4_241230
Snout name:; ptRoom1PBS_RF4
Range modulator name:; RF4
Radiation type:; Carbon
Curve type [Depth/X/Y/AbsoluteDosimetry]:; Depth
Medium:; Water
Single spot [Yes/No]:; Yes
Isocenter to snout distance [mm]:; 680
Isocenter to phantom surface distance [mm]:; 150
Detector lateral shape [Quadratic/Circular]:; Quadratic
Detector lateral side/diameter [mm]:; 80
Nominal beam energy [MeV]:; 4556.76
Measured dose curve (Depth [mm] Dose [a.u.]):; 
11.3;2.20360
21.3;2.19790
31.3;2.18510
41.3;2.17710
51.3;2.16620
61.3;2.15810
71.3;2.14360
81.3;2.13410
91.3;2.13550
101.3;2.12800
111.3;2.12810
121.3;2.13130
131.3;2.13320
141.3;2.14710
151.3;2.18000
161.3;2.20220
171.3;2.24300
181.3;2.29630
191.3;2.37980
198.3;2.45960
203.3;2.51660
208.3;2.59270
213.3;2.69650
218.3;2.81600
223.3;2.96690
225.3;3.03110
227.3;3.10600
229.3;3.18530
231.3;3.27510
233.3;3.38040
233.8;3.41110
234.3;3.44430
234.8;3.48330
235.3;3.52280
235.8;3.55580
236.3;3.58960
236.8;3.65730
237.3;3.70540
237.8;3.75400
238.3;3.83120
238.8;3.89190
239.3;3.95500
239.8;4.03220
240.3;4.12120
240.8;4.23720
241.3;4.37060
241.8;4.52440
242.3;4.70940
242.8;4.93510
243.3;5.18310
243.5;5.27750
243.7;5.36320
243.9;5.41380
244.1;5.48900
244.3;5.51980
244.5;5.55240
244.7;5.54100
244.9;5.52120
245.1;5.49560
245.3;5.47810
245.5;5.41700
245.7;5.34340
245.9;5.27470
246.1;5.18160
246.3;5.09800
246.5;4.98890
246.7;4.85750
246.9;4.73530
247.1;4.64810
247.3;4.46520
247.5;4.29480
247.7;4.12160
247.9;3.98340
248.1;3.81810
248.3;3.68300
248.5;3.47000
248.7;3.29360
248.9;3.13240
249.1;2.92060
249.3;2.72370
249.5;2.52270
249.7;2.27990
249.9;2.06600
250.1;1.88240
250.3;1.64600
250.5;1.47290
250.7;1.30880
250.9;1.17630
251.1;1.07860
251.3;1.00620
251.5;0.95714
251.7;0.92472
251.9;0.91021
252.1;0.89731
252.3;0.89024
252.8;0.87504
253.3;0.86815
253.8;0.86050
254.3;0.85394
254.8;0.84917
255.3;0.84471
255.8;0.84024
256.3;0.83092
256.8;0.82789
257.3;0.82517
259.3;0.80642
261.3;0.78736
263.3;0.76997
265.3;0.75293
267.3;0.73532
269.3;0.71844
271.3;0.70277
272.3;0.69516
282.3;0.62340
292.3;0.55837
302.3;0.50055
312.3;0.45037
322.3;0.40729
332.3;0.37315
342.3;0.35023
352.3;0.32900
362.3;0.31121
372.3;0.29165
382.3;0.27755
392.3;0.25963
402.3;0.24465
412.3;0.22973
422.3;0.21756
432.3;0.20501
442.3;0.19266
452.3;0.18005
End:; 
Origin of data [Measured/Computed]:; Measured
Machine/Treatment room:; ptRoom1PBS_RF4_241230
Snout name:; ptRoom1PBS_RF4
Range modulator name:; RF4
Radiation type:; Carbon
Curve type [Depth/X/Y/AbsoluteDosimetry]:; Depth
Medium:; Water
Single spot [Yes/No]:; Yes
Isocenter to snout distance [mm]:; 680
Isocenter to phantom surface distance [mm]:; 150
Detector lateral shape [Quadratic/Circular]:; Quadratic
Detector lateral side/diameter [mm]:; 80
Nominal beam energy [MeV]:; 4578.12
Measured dose curve (Depth [mm] Dose [a.u.]):; 
11.4;1.37960
21.4;1.37480
31.4;1.36930
41.4;1.36150
51.4;1.35410
61.4;1.34720
71.4;1.34130
81.4;1.33550
91.4;1.33180
101.4;1.32940
111.4;1.32880
121.4;1.33040
131.4;1.33440
141.4;1.34220
151.4;1.35400
161.4;1.37120
171.4;1.39550
181.4;1.42870
191.4;1.47460
200.4;1.53150
205.4;1.57390
210.4;1.62500
215.4;1.68900
220.4;1.76520
225.4;1.85770
227.4;1.89800
229.4;1.94220
231.4;1.99480
233.4;2.05420
235.4;2.12500
235.9;2.14360
236.4;2.16630
236.9;2.18900
237.4;2.21370
237.9;2.23780
238.4;2.26780
238.9;2.29980
239.4;2.33240
239.9;2.36800
240.4;2.40860
240.9;2.45360
241.4;2.50250
241.9;2.55650
242.4;2.61900
242.9;2.68810
243.4;2.77190
243.9;2.87320
244.4;3.00000
244.9;3.15650
245.4;3.32520
245.6;3.39250
245.8;3.43500
246.0;3.49390
246.2;3.52160
246.4;3.54320
246.6;3.55310
246.8;3.53810
247.0;3.51570
247.2;3.48840
247.4;3.45040
247.6;3.39530
247.8;3.34980
248.0;3.27330
248.2;3.21420
248.4;3.14000
248.6;3.04860
248.8;2.97680
249.0;2.88280
249.2;2.77890
249.4;2.68400
249.6;2.56840
249.8;2.45640
250.0;2.35420
250.2;2.24450
250.4;2.13320
250.6;1.99840
250.8;1.88610
251.0;1.75210
251.2;1.63410
251.4;1.51410
251.6;1.40700
251.8;1.26010
252.0;1.15330
252.2;1.03870
252.4;0.93843
252.6;0.84380
252.8;0.76150
253.0;0.69943
253.2;0.65327
253.4;0.61754
253.6;0.59419
253.8;0.57707
254.0;0.56808
254.2;0.56173
254.4;0.55736
254.9;0.55114
255.4;0.54701
255.9;0.54340
256.4;0.53934
256.9;0.53570
257.4;0.53249
257.9;0.52941
258.4;0.52598
258.9;0.52295
259.4;0.51995
261.4;0.50740
263.4;0.49577
265.4;0.48507
267.4;0.47415
269.4;0.46388
271.4;0.45386
273.4;0.44418
274.4;0.43944
284.4;0.39353
294.4;0.35176
304.4;0.31521
314.4;0.28328
324.4;0.25586
334.4;0.23474
344.4;0.21863
354.4;0.20561
364.4;0.19372
374.4;0.18272
384.4;0.17240
394.4;0.16212
404.4;0.15266
414.4;0.14345
424.4;0.13454
434.4;0.12637
444.4;0.11858
454.4;0.11082
461.4;0.10589
End:; 
Origin of data [Measured/Computed]:; Measured
Machine/Treatment room:; ptRoom1PBS_RF4_241230
Snout name:; ptRoom1PBS_RF4
Range modulator name:; RF4
Radiation type:; Carbon
Curve type [Depth/X/Y/AbsoluteDosimetry]:; Depth
Medium:; Water
Single spot [Yes/No]:; Yes
Isocenter to snout distance [mm]:; 680
Isocenter to phantom surface distance [mm]:; 150
Detector lateral shape [Quadratic/Circular]:; Quadratic
Detector lateral side/diameter [mm]:; 80
Nominal beam energy [MeV]:; 4599.12
Measured dose curve (Depth [mm] Dose [a.u.]):; 
11.4;2.14500
21.4;2.13340
31.4;2.12440
41.4;2.10580
51.4;2.09640
61.4;2.08720
71.4;2.08380
81.4;2.07220
91.4;2.05790
101.4;2.04960
111.4;2.04760
121.4;2.05340
131.4;2.06300
141.4;2.06960
151.4;2.08840
161.4;2.11250
171.4;2.14280
181.4;2.19310
191.4;2.25820
201.4;2.34810
202.4;2.35590
207.4;2.42590
212.4;2.50370
217.4;2.60050
222.4;2.71480
227.4;2.86490
229.4;2.92500
231.4;2.98890
233.4;3.05950
235.4;3.14820
237.4;3.26990
237.9;3.29510
238.4;3.32840
238.9;3.36720
239.4;3.40120
239.9;3.43970
240.4;3.47640
240.9;3.51560
241.4;3.56220
241.9;3.61070
242.4;3.68150
242.9;3.73240
243.4;3.80490
243.9;3.87600
244.4;3.97420
244.9;4.08320
245.4;4.21240
245.9;4.36430
246.4;4.54600
246.9;4.80280
247.4;5.01390
247.6;5.10870
247.8;5.20330
248.0;5.25800
248.2;5.30130
248.4;5.32210
248.6;5.31560
248.8;5.32180
249.0;5.29970
249.2;5.27560
249.4;5.23790
249.6;5.18350
249.8;5.12200
250.0;5.00590
250.2;4.93060
250.4;4.82240
250.6;4.73150
250.8;4.58190
251.0;4.50700
251.2;4.33960
251.4;4.18870
251.6;4.03360
251.8;3.90460
252.0;3.73150
252.2;3.49230
252.4;3.29920
252.6;3.11750
252.8;2.94680
253.0;2.80280
253.2;2.64290
253.4;2.48150
253.6;2.27080
253.8;2.07030
254.0;1.88420
254.2;1.70370
254.4;1.50580
254.6;1.34760
254.8;1.23410
255.0;1.09960
255.2;1.01880
255.4;0.95443
255.6;0.92509
255.8;0.89108
256.0;0.87472
256.2;0.86693
256.4;0.85946
256.9;0.85085
257.4;0.84032
257.9;0.83410
258.4;0.83051
258.9;0.82552
259.4;0.81846
259.9;0.81396
260.4;0.80623
260.9;0.80426
261.4;0.79532
263.4;0.77728
265.4;0.76240
267.4;0.74567
269.4;0.73224
271.4;0.71759
273.4;0.70094
275.4;0.68683
276.4;0.67803
286.4;0.60849
296.4;0.54243
306.4;0.48690
316.4;0.43997
326.4;0.39853
336.4;0.36529
346.4;0.34031
356.4;0.31976
366.4;0.30317
376.4;0.28500
386.4;0.26782
396.4;0.25429
406.4;0.23976
416.4;0.22564
426.4;0.21258
436.4;0.19954
446.4;0.18865
456.4;0.17696
End:; 
Origin of data [Measured/Computed]:; Measured
Machine/Treatment room:; ptRoom1PBS_RF4_241230
Snout name:; ptRoom1PBS_RF4
Range modulator name:; RF4
Radiation type:; Carbon
Curve type [Depth/X/Y/AbsoluteDosimetry]:; Depth
Medium:; Water
Single spot [Yes/No]:; Yes
Isocenter to snout distance [mm]:; 680
Isocenter to phantom surface distance [mm]:; 150
Detector lateral shape [Quadratic/Circular]:; Quadratic
Detector lateral side/diameter [mm]:; 80
Nominal beam energy [MeV]:; 4620.12
Measured dose curve (Depth [mm] Dose [a.u.]):; 
11.4;1.37810
21.4;1.37300
31.4;1.36610
41.4;1.35830
51.4;1.35030
61.4;1.34270
71.4;1.33640
81.4;1.33050
91.4;1.32500
101.4;1.32250
111.4;1.32080
121.4;1.32180
131.4;1.32470
141.4;1.33060
151.4;1.34050
161.4;1.35530
171.4;1.37560
181.4;1.40500
191.4;1.44520
201.4;1.50060
204.4;1.52300
209.4;1.56420
214.4;1.61480
219.4;1.67700
224.4;1.75280
229.4;1.84220
231.4;1.88270
233.4;1.92770
235.4;1.97660
237.4;2.03510
239.4;2.10430
239.9;2.12580
240.4;2.14770
240.9;2.17030
241.4;2.19200
241.9;2.22010
242.4;2.24650
242.9;2.27830
243.4;2.30980
243.9;2.34630
244.4;2.38480
244.9;2.43020
245.4;2.47840
245.9;2.53160
246.4;2.59020
246.9;2.66210
247.4;2.75230
247.9;2.85150
248.4;2.97440
248.9;3.13270
249.4;3.28320
249.6;3.34460
249.8;3.39450
250.0;3.42510
250.2;3.44890
250.4;3.46190
250.6;3.45940
250.8;3.45110
251.0;3.43020
251.2;3.40050
251.4;3.36190
251.6;3.32040
251.8;3.27020
252.0;3.22170
252.2;3.15250
252.4;3.08460
252.6;3.01620
252.8;2.95050
253.0;2.85010
253.2;2.76660
253.4;2.68260
253.6;2.57400
253.8;2.46060
254.0;2.36110
254.2;2.23990
254.4;2.14740
254.6;1.99780
254.8;1.87870
255.0;1.75710
255.2;1.62830
255.4;1.48980
255.6;1.35210
255.8;1.23450
256.0;1.10840
256.2;0.99695
256.4;0.90514
256.6;0.81568
256.8;0.74263
257.0;0.68242
257.2;0.63171
257.4;0.60406
257.6;0.58415
257.8;0.57253
258.0;0.56402
258.2;0.55859
258.4;0.55646
258.9;0.55092
259.4;0.54698
259.9;0.54358
260.4;0.54028
260.9;0.53591
261.4;0.53229
261.9;0.52955
262.4;0.52640
262.9;0.52370
263.4;0.52058
265.4;0.50857
267.4;0.49666
269.4;0.48626
271.4;0.47526
273.4;0.46588
275.4;0.45541
277.4;0.44587
278.4;0.44097
288.4;0.39551
298.4;0.35450
308.4;0.31829
318.4;0.28599
328.4;0.25855
338.4;0.23688
348.4;0.22037
358.4;0.20724
368.4;0.19564
378.4;0.18439
388.4;0.17404
398.4;0.16422
408.4;0.15485
418.4;0.14536
428.4;0.13639
438.4;0.12809
448.4;0.12013
458.4;0.11258
461.4;0.11054
End:; 
Origin of data [Measured/Computed]:; Measured
Machine/Treatment room:; ptRoom1PBS_RF4_241230
Snout name:; ptRoom1PBS_RF4
Range modulator name:; RF4
Radiation type:; Carbon
Curve type [Depth/X/Y/AbsoluteDosimetry]:; Depth
Medium:; Water
Single spot [Yes/No]:; Yes
Isocenter to snout distance [mm]:; 680
Isocenter to phantom surface distance [mm]:; 150
Detector lateral shape [Quadratic/Circular]:; Quadratic
Detector lateral side/diameter [mm]:; 80
Nominal beam energy [MeV]:; 4640.76
Measured dose curve (Depth [mm] Dose [a.u.]):; 
11.4;1.70730
21.4;1.69920
31.4;1.69040
41.4;1.68230
51.4;1.67540
61.4;1.66980
71.4;1.66430
81.4;1.65760
91.4;1.65190
101.4;1.64760
111.4;1.64300
121.4;1.64060
131.4;1.64320
141.4;1.64930
151.4;1.65990
161.4;1.67870
171.4;1.70410
181.4;1.73620
191.4;1.78150
201.4;1.84380
206.4;1.88430
211.4;1.93420
216.4;1.99410
221.4;2.06970
226.4;2.16460
231.4;2.27790
233.4;2.32980
235.4;2.38460
237.4;2.44560
239.4;2.52060
241.4;2.60700
241.9;2.63010
242.4;2.65320
242.9;2.67790
243.4;2.70810
243.9;2.74180
244.4;2.77470
244.9;2.80810
245.4;2.84550
245.9;2.88710
246.4;2.93260
246.9;2.98320
247.4;3.04030
247.9;3.10640
248.4;3.18310
248.9;3.26700
249.4;3.36210
249.9;3.48140
250.4;3.62900
250.9;3.78990
251.4;3.95410
251.6;4.02070
251.8;4.07430
252.0;4.10930
252.2;4.13220
252.4;4.14720
252.6;4.16200
252.8;4.17040
253.0;4.16780
253.2;4.16420
253.4;4.15390
253.6;4.12630
253.8;4.09130
254.0;4.06020
254.2;4.02680
254.4;3.97500
254.6;3.90060
254.8;3.81730
255.0;3.71760
255.2;3.59510
255.4;3.47700
255.6;3.36700
255.8;3.25030
256.0;3.11570
256.2;2.96470
256.4;2.80670
256.6;2.65230
256.8;2.50030
257.0;2.32530
257.2;2.13600
257.4;1.95370
257.6;1.77570
257.8;1.59370
258.0;1.40460
258.2;1.23390
258.4;1.09520
258.6;0.98268
258.8;0.89482
259.0;0.82831
259.2;0.77930
259.4;0.74422
259.6;0.72211
259.8;0.70936
260.0;0.70133
260.2;0.69580
260.4;0.69183
260.9;0.68496
261.4;0.67956
261.9;0.67406
262.4;0.66868
262.9;0.66413
263.4;0.65952
263.9;0.65507
264.4;0.65177
264.9;0.64894
265.4;0.64555
267.4;0.63069
269.4;0.61652
271.4;0.60315
273.4;0.59021
275.4;0.57749
277.4;0.56504
279.4;0.55247
280.4;0.54645
290.4;0.49151
300.4;0.44147
310.4;0.39720
320.4;0.35798
330.4;0.32422
340.4;0.29682
350.4;0.27535
360.4;0.25816
370.4;0.24338
380.4;0.22990
390.4;0.21705
400.4;0.20451
410.4;0.19267
420.4;0.18151
430.4;0.17061
440.4;0.16012
450.4;0.15038
460.4;0.14100
461.4;0.13982
End:; 
Origin of data [Measured/Computed]:; Measured
Machine/Treatment room:; ptRoom1PBS_RF4_241230
Snout name:; ptRoom1PBS_RF4
Range modulator name:; RF4
Radiation type:; Carbon
Curve type [Depth/X/Y/AbsoluteDosimetry]:; Depth
Medium:; Water
Single spot [Yes/No]:; Yes
Isocenter to snout distance [mm]:; 680
Isocenter to phantom surface distance [mm]:; 150
Detector lateral shape [Quadratic/Circular]:; Quadratic
Detector lateral side/diameter [mm]:; 80
Nominal beam energy [MeV]:; 4661.28
Measured dose curve (Depth [mm] Dose [a.u.]):; 
11.4;1.68820
21.4;1.67770
31.4;1.66680
41.4;1.65720
51.4;1.64670
61.4;1.63560
71.4;1.62670
81.4;1.61970
91.4;1.61350
101.4;1.60700
111.4;1.60100
121.4;1.60000
131.4;1.60360
141.4;1.60990
151.4;1.62120
161.4;1.63840
171.4;1.66080
181.4;1.68990
191.4;1.73050
201.4;1.78870
208.4;1.84460
213.4;1.89510
218.4;1.95760
223.4;2.03430
228.4;2.12460
233.4;2.22800
235.4;2.27440
237.4;2.32560
239.4;2.38530
241.4;2.45970
243.4;2.54750
243.9;2.57220
244.4;2.60030
244.9;2.63010
245.4;2.65970
245.9;2.69050
246.4;2.72320
246.9;2.75820
247.4;2.79570
247.9;2.83790
248.4;2.88720
248.9;2.94110
249.4;3.00150
249.9;3.06870
250.4;3.14410
250.9;3.23190
251.4;3.33690
251.9;3.46670
252.4;3.62480
252.9;3.80770
253.4;3.99300
253.6;4.05170
253.8;4.09600
254.0;4.12520
254.2;4.13890
254.4;4.15290
254.6;4.15490
254.8;4.13690
255.0;4.10960
255.2;4.07180
255.4;4.02870
255.6;3.98460
255.8;3.92630
256.0;3.85450
256.2;3.77430
256.4;3.68990
256.6;3.60440
256.8;3.50310
257.0;3.39640
257.2;3.28070
257.4;3.13750
257.6;2.98050
257.8;2.83140
258.0;2.69660
258.2;2.56160
258.4;2.41940
258.6;2.27450
258.8;2.12390
259.0;1.95630
259.2;1.78860
259.4;1.62730
259.6;1.46480
259.8;1.31440
260.0;1.17690
260.2;1.05100
260.4;0.94636
260.6;0.86681
260.8;0.80668
261.0;0.76065
261.2;0.72805
261.4;0.70720
261.6;0.69394
261.8;0.68497
262.0;0.67898
262.2;0.67513
262.4;0.67212
262.9;0.66589
263.4;0.66140
263.9;0.65779
264.4;0.65411
264.9;0.65020
265.4;0.64599
265.9;0.64181
266.4;0.63775
266.9;0.63345
267.4;0.62915
269.4;0.61423
271.4;0.60150
273.4;0.58940
275.4;0.57733
277.4;0.56541
279.4;0.55334
281.4;0.54074
282.4;0.53478
292.4;0.48173
302.4;0.43270
312.4;0.38914
322.4;0.35089
332.4;0.31784
342.4;0.29089
352.4;0.26982
362.4;0.25273
372.4;0.23793
382.4;0.22447
392.4;0.21180
402.4;0.19976
412.4;0.18818
422.4;0.17709
432.4;0.16667
442.4;0.15668
452.4;0.14724
461.4;0.13929
End:; 
Origin of data [Measured/Computed]:; Measured
Machine/Treatment room:; ptRoom1PBS_RF4_241230
Snout name:; ptRoom1PBS_RF4
Range modulator name:; RF4
Radiation type:; Carbon
Curve type [Depth/X/Y/AbsoluteDosimetry]:; Depth
Medium:; Water
Single spot [Yes/No]:; Yes
Isocenter to snout distance [mm]:; 680
Isocenter to phantom surface distance [mm]:; 150
Detector lateral shape [Quadratic/Circular]:; Quadratic
Detector lateral side/diameter [mm]:; 80
Nominal beam energy [MeV]:; 4681.68
Measured dose curve (Depth [mm] Dose [a.u.]):; 
11.4;1.65560
21.4;1.64570
31.4;1.63840
41.4;1.63080
51.4;1.62030
61.4;1.60930
71.4;1.60050
81.4;1.59460
91.4;1.59050
101.4;1.58640
111.4;1.58260
121.4;1.58010
131.4;1.58010
141.4;1.58410
151.4;1.59180
161.4;1.60390
171.4;1.62390
181.4;1.65340
191.4;1.69390
201.4;1.75060
210.4;1.81820
215.4;1.86760
220.4;1.93140
225.4;2.00790
230.4;2.09810
235.4;2.20380
237.4;2.25230
239.4;2.30560
241.4;2.36500
243.4;2.43660
245.4;2.52220
245.9;2.54680
246.4;2.57310
246.9;2.60060
247.4;2.63100
247.9;2.66390
248.4;2.69760
248.9;2.73390
249.4;2.77490
249.9;2.81950
250.4;2.86740
250.9;2.92380
251.4;2.99050
251.9;3.06720
252.4;3.15760
252.9;3.26430
253.4;3.38700
253.9;3.53390
254.4;3.70960
254.9;3.88630
255.4;4.03760
255.6;4.08310
255.8;4.10640
256.0;4.11330
256.2;4.10760
256.4;4.08470
256.6;4.05480
256.8;4.02010
257.0;3.97200
257.2;3.90820
257.4;3.83260
257.6;3.75600
257.8;3.67810
258.0;3.59100
258.2;3.49640
258.4;3.39820
258.6;3.28980
258.8;3.16930
259.0;3.04550
259.2;2.91250
259.4;2.77050
259.6;2.63980
259.8;2.51050
260.0;2.37530
260.2;2.24340
260.4;2.10760
260.6;1.96960
260.8;1.83530
261.0;1.70080
261.2;1.55530
261.4;1.40280
261.6;1.26050
261.8;1.13700
262.0;1.02920
262.2;0.93170
262.4;0.85078
262.6;0.79143
262.8;0.74846
263.0;0.71671
263.2;0.69467
263.4;0.68207
263.6;0.67550
263.8;0.67073
264.0;0.66752
264.2;0.66568
264.4;0.66401
264.9;0.65939
265.4;0.65476
265.9;0.65032
266.4;0.64610
266.9;0.64172
267.4;0.63676
267.9;0.63184
268.4;0.62771
268.9;0.62401
269.4;0.62033
271.4;0.60655
273.4;0.59391
275.4;0.58164
277.4;0.56928
279.4;0.55696
281.4;0.54512
283.4;0.53394
284.4;0.52855
294.4;0.47645
304.4;0.42865
314.4;0.38619
324.4;0.34841
334.4;0.31553
344.4;0.28866
354.4;0.26768
364.4;0.25067
374.4;0.23580
384.4;0.22247
394.4;0.21012
404.4;0.19807
414.4;0.18654
424.4;0.17576
434.4;0.16549
444.4;0.15560
454.4;0.14605
461.4;0.13958
End:; 
Origin of data [Measured/Computed]:; Measured
Machine/Treatment room:; ptRoom1PBS_RF4_241230
Snout name:; ptRoom1PBS_RF4
Range modulator name:; RF4
Radiation type:; Carbon
Curve type [Depth/X/Y/AbsoluteDosimetry]:; Depth
Medium:; Water
Single spot [Yes/No]:; Yes
Isocenter to snout distance [mm]:; 680
Isocenter to phantom surface distance [mm]:; 150
Detector lateral shape [Quadratic/Circular]:; Quadratic
Detector lateral side/diameter [mm]:; 80
Nominal beam energy [MeV]:; 4701.84
Measured dose curve (Depth [mm] Dose [a.u.]):; 
11.4;1.37570
21.4;1.37050
31.4;1.36230
41.4;1.35440
51.4;1.34560
61.4;1.33780
71.4;1.33000
81.4;1.32370
91.4;1.31780
101.4;1.31350
111.4;1.31030
121.4;1.30940
131.4;1.31010
141.4;1.31390
151.4;1.32180
161.4;1.33230
171.4;1.34750
181.4;1.37030
191.4;1.40170
201.4;1.44480
211.4;1.50600
212.4;1.51320
217.4;1.55610
222.4;1.60820
227.4;1.67160
232.4;1.74530
237.4;1.83390
239.4;1.87510
241.4;1.92040
243.4;1.97250
245.4;2.03110
247.4;2.10510
247.9;2.12690
248.4;2.15070
248.9;2.17240
249.4;2.19590
249.9;2.22810
250.4;2.25900
250.9;2.28760
251.4;2.32570
251.9;2.36540
252.4;2.41240
252.9;2.46220
253.4;2.52060
253.9;2.58570
254.4;2.65450
254.9;2.73760
255.4;2.85040
255.9;2.99190
256.4;3.14740
256.9;3.28930
257.4;3.42490
257.6;3.43510
257.8;3.45750
258.0;3.45810
258.2;3.43700
258.4;3.40970
258.6;3.37500
258.8;3.33010
259.0;3.26720
259.2;3.19900
259.4;3.13120
259.6;3.04650
259.8;2.96460
260.0;2.90030
260.2;2.78110
260.4;2.68140
260.6;2.58900
260.8;2.52880
261.0;2.37690
261.2;2.28360
261.4;2.17230
261.6;2.10350
261.8;1.94060
262.0;1.86400
262.2;1.74070
262.4;1.64850
262.6;1.52160
262.8;1.39870
263.0;1.28550
263.2;1.16510
263.4;1.06070
263.6;0.96069
263.8;0.88969
264.0;0.79048
264.2;0.74026
264.4;0.68277
264.6;0.64972
264.8;0.61502
265.0;0.59290
265.2;0.57930
265.4;0.56971
265.6;0.56413
265.8;0.56045
266.0;0.55825
266.2;0.55570
266.4;0.55374
266.9;0.54935
267.4;0.54600
267.9;0.54268
268.4;0.53967
268.9;0.53611
269.4;0.53279
269.9;0.53000
270.4;0.52683
270.9;0.52350
271.4;0.52102
273.4;0.50971
275.4;0.49834
277.4;0.48844
279.4;0.47794
281.4;0.46783
283.4;0.45791
285.4;0.44895
286.4;0.44391
296.4;0.39949
306.4;0.35927
316.4;0.32322
326.4;0.29199
336.4;0.26449
346.4;0.24184
356.4;0.22504
366.4;0.21170
376.4;0.19978
386.4;0.18855
396.4;0.17816
406.4;0.16829
416.4;0.15857
426.4;0.14930
436.4;0.14046
446.4;0.13218
456.4;0.12411
461.4;0.12023
End:; 
Origin of data [Measured/Computed]:; Measured
Machine/Treatment room:; ptRoom1PBS_RF4_241230
Snout name:; ptRoom1PBS_RF4
Range modulator name:; RF4
Radiation type:; Carbon
Curve type [Depth/X/Y/AbsoluteDosimetry]:; Depth
Medium:; Water
Single spot [Yes/No]:; Yes
Isocenter to snout distance [mm]:; 680
Isocenter to phantom surface distance [mm]:; 150
Detector lateral shape [Quadratic/Circular]:; Quadratic
Detector lateral side/diameter [mm]:; 80
Nominal beam energy [MeV]:; 4721.64
Measured dose curve (Depth [mm] Dose [a.u.]):; 
11.4;1.38850
21.4;1.38310
31.4;1.37400
41.4;1.36630
51.4;1.35780
61.4;1.34960
71.4;1.34120
81.4;1.33360
91.4;1.32690
101.4;1.32200
111.4;1.31910
121.4;1.31710
131.4;1.31770
141.4;1.32030
151.4;1.32740
161.4;1.33700
171.4;1.35170
181.4;1.37240
191.4;1.40250
201.4;1.44280
211.4;1.50030
214.4;1.52240
219.4;1.56420
224.4;1.61640
229.4;1.67930
234.4;1.75500
239.4;1.84300
241.4;1.88420
243.4;1.92930
245.4;1.98020
247.4;2.04060
249.4;2.11410
249.9;2.13550
250.4;2.15750
250.9;2.18470
251.4;2.20900
251.9;2.24060
252.4;2.27050
252.9;2.30550
253.4;2.34640
253.9;2.38100
254.4;2.42780
254.9;2.47870
255.4;2.53870
255.9;2.60140
256.4;2.67660
256.9;2.78270
257.4;2.90020
257.9;3.02850
258.4;3.19950
258.9;3.34050
259.4;3.43500
259.6;3.44720
259.8;3.44800
260.0;3.43230
260.2;3.40690
260.4;3.37190
260.6;3.33210
260.8;3.27030
261.0;3.22690
261.2;3.16870
261.4;3.08210
261.6;3.00330
261.8;2.91580
262.0;2.83490
262.2;2.74860
262.4;2.64140
262.6;2.57360
262.8;2.45660
263.0;2.36140
263.2;2.26940
263.4;2.13790
263.6;2.03800
263.8;1.96140
264.0;1.84740
264.2;1.70860
264.4;1.59550
264.6;1.47800
264.8;1.34310
265.0;1.24340
265.2;1.10890
265.4;1.00310
265.6;0.90935
265.8;0.83759
266.0;0.75541
266.2;0.69977
266.4;0.65683
266.6;0.62350
266.8;0.60111
267.0;0.58321
267.2;0.57394
267.4;0.56823
267.6;0.56396
267.8;0.56043
268.0;0.55880
268.2;0.55621
268.4;0.55472
268.9;0.55108
269.4;0.54721
269.9;0.54363
270.4;0.54060
270.9;0.53794
271.4;0.53412
271.9;0.53107
272.4;0.52837
272.9;0.52507
273.4;0.52214
275.4;0.51070
277.4;0.49955
279.4;0.48948
281.4;0.47883
283.4;0.46958
285.4;0.45947
287.4;0.45015
288.4;0.44553
298.4;0.40126
308.4;0.36104
318.4;0.32502
328.4;0.29337
338.4;0.26610
348.4;0.24360
358.4;0.22632
368.4;0.21298
378.4;0.20109
388.4;0.18976
398.4;0.17938
408.4;0.16922
418.4;0.15947
428.4;0.15011
438.4;0.14141
448.4;0.13281
458.4;0.12498
461.4;0.12280
End:; 
Origin of data [Measured/Computed]:; Measured
Machine/Treatment room:; ptRoom1PBS_RF4_241230
Snout name:; ptRoom1PBS_RF4
Range modulator name:; RF4
Radiation type:; Carbon
Curve type [Depth/X/Y/AbsoluteDosimetry]:; Depth
Medium:; Water
Single spot [Yes/No]:; Yes
Isocenter to snout distance [mm]:; 680
Isocenter to phantom surface distance [mm]:; 150
Detector lateral shape [Quadratic/Circular]:; Quadratic
Detector lateral side/diameter [mm]:; 80
Nominal beam energy [MeV]:; 4741.32
Measured dose curve (Depth [mm] Dose [a.u.]):; 
11.5;1.39040
21.5;1.38380
31.5;1.37550
41.5;1.36660
51.5;1.35760
61.5;1.34830
71.5;1.34010
81.5;1.33210
91.5;1.32560
101.5;1.32010
111.5;1.31600
121.5;1.31450
131.5;1.31440
141.5;1.31650
151.5;1.32180
161.5;1.33090
171.5;1.34480
181.5;1.36360
191.5;1.39040
201.5;1.42810
211.5;1.48110
216.5;1.51540
221.5;1.55770
226.5;1.60910
231.5;1.67130
236.5;1.74410
241.5;1.83160
243.5;1.86970
245.5;1.91540
247.5;1.96490
249.5;2.02560
251.5;2.09660
252.0;2.12050
252.5;2.13930
253.0;2.16240
253.5;2.18960
254.0;2.21930
254.5;2.24780
255.0;2.27890
255.5;2.31410
256.0;2.35480
256.5;2.40040
257.0;2.44810
257.5;2.50500
258.0;2.57060
258.5;2.63480
259.0;2.73230
259.5;2.83850
260.0;2.98230
260.5;3.11320
261.0;3.24080
261.5;3.31670
261.7;3.33460
261.9;3.34270
262.1;3.34280
262.3;3.33620
262.5;3.32430
262.7;3.29970
262.9;3.26950
263.1;3.23600
263.3;3.20320
263.5;3.14410
263.7;3.09810
263.9;3.03690
264.1;2.99270
264.3;2.90410
264.5;2.84390
264.7;2.74710
264.9;2.67990
265.1;2.55520
265.3;2.44480
265.5;2.34950
265.7;2.20220
265.9;2.08580
266.1;1.96400
266.3;1.82470
266.5;1.69860
266.7;1.57510
266.9;1.42110
267.1;1.26120
267.3;1.16480
267.5;1.01110
267.7;0.90579
267.9;0.80785
268.1;0.75679
268.3;0.68592
268.5;0.64300
268.7;0.61359
268.9;0.59328
269.1;0.58122
269.3;0.57368
269.5;0.56657
269.7;0.56448
269.9;0.56041
270.1;0.55864
270.3;0.55683
270.5;0.55586
271.0;0.55184
271.5;0.54774
272.0;0.54432
272.5;0.54179
273.0;0.53787
273.5;0.53535
274.0;0.53132
274.5;0.52901
275.0;0.52568
275.5;0.52326
277.5;0.51110
279.5;0.50027
281.5;0.48979
283.5;0.48016
285.5;0.47078
287.5;0.46038
289.5;0.45138
290.5;0.44642
300.5;0.40272
310.5;0.36249
320.5;0.32666
330.5;0.29493
340.5;0.26742
350.5;0.24472
360.5;0.22732
370.5;0.21356
380.5;0.20184
390.5;0.19046
400.5;0.18010
410.5;0.17005
420.5;0.16026
430.5;0.15121
440.5;0.14235
450.5;0.13393
460.5;0.12593
461.5;0.12528
End:; 
Origin of data [Measured/Computed]:; Measured
Machine/Treatment room:; ptRoom1PBS_RF4_241230
Snout name:; ptRoom1PBS_RF4
Range modulator name:; RF4
Radiation type:; Carbon
Curve type [Depth/X/Y/AbsoluteDosimetry]:; Depth
Medium:; Water
Single spot [Yes/No]:; Yes
Isocenter to snout distance [mm]:; 680
Isocenter to phantom surface distance [mm]:; 150
Detector lateral shape [Quadratic/Circular]:; Quadratic
Detector lateral side/diameter [mm]:; 80
Nominal beam energy [MeV]:; 4760.76
Measured dose curve (Depth [mm] Dose [a.u.]):; 
11.5;1.38740
21.5;1.38030
31.5;1.37160
41.5;1.36370
51.5;1.35380
61.5;1.34560
71.5;1.33680
81.5;1.32800
91.5;1.32230
101.5;1.31610
111.5;1.31220
121.5;1.30870
131.5;1.30940
141.5;1.31050
151.5;1.31550
161.5;1.32280
171.5;1.33550
181.5;1.35380
191.5;1.37960
201.5;1.41490
211.5;1.46410
217.5;1.50360
222.5;1.54450
227.5;1.59400
232.5;1.65400
237.5;1.72570
242.5;1.81110
244.5;1.84790
246.5;1.88970
248.5;1.93570
250.5;1.99240
252.5;2.05980
253.0;2.07780
253.5;2.09700
254.0;2.11880
254.5;2.14450
255.0;2.16890
255.5;2.19410
256.0;2.22420
256.5;2.25260
257.0;2.29020
257.5;2.32750
258.0;2.37220
258.5;2.41940
259.0;2.47030
259.5;2.53440
260.0;2.60450
260.5;2.67680
261.0;2.78610
261.5;2.91380
261.7;2.95510
261.9;3.02710
262.1;3.07830
262.3;3.12780
262.5;3.19340
262.7;3.24560
262.9;3.28880
263.1;3.31900
263.3;3.34040
263.5;3.35290
263.7;3.35330
263.9;3.34510
264.1;3.32870
264.3;3.30790
264.5;3.28120
264.7;3.23200
264.9;3.19090
265.1;3.13560
265.3;3.09070
265.5;3.03360
265.7;2.97550
265.9;2.88320
266.1;2.79140
266.3;2.69750
266.5;2.62120
266.7;2.49490
266.9;2.40760
267.1;2.27720
267.3;2.17530
267.5;2.04730
267.7;1.92020
267.9;1.81880
268.1;1.69690
268.3;1.56320
268.5;1.44040
268.7;1.33490
268.9;1.22360
269.1;1.08400
269.3;0.96412
269.5;0.88903
269.7;0.80862
269.9;0.72971
270.1;0.67872
270.3;0.64297
270.5;0.61357
270.7;0.59241
270.9;0.58026
271.1;0.57225
271.3;0.56635
271.5;0.56091
272.0;0.55589
272.5;0.55178
273.0;0.54816
273.5;0.54521
274.0;0.54152
274.5;0.53801
275.0;0.53463
275.5;0.53169
276.0;0.52842
276.5;0.52560
278.5;0.51434
280.5;0.50358
282.5;0.49272
284.5;0.48254
286.5;0.47312
288.5;0.46364
290.5;0.45409
291.5;0.44976
301.5;0.40541
311.5;0.36522
321.5;0.32982
331.5;0.29780
341.5;0.26995
351.5;0.24668
361.5;0.22899
371.5;0.21465
381.5;0.20290
391.5;0.19177
401.5;0.18116
411.5;0.17113
421.5;0.16138
431.5;0.15251
441.5;0.14357
451.5;0.13521
461.5;0.12708
End:; 
Origin of data [Measured/Computed]:; Measured
Machine/Treatment room:; ptRoom1PBS_RF4_241230
Snout name:; ptRoom1PBS_RF4
Range modulator name:; RF4
Radiation type:; Carbon
Curve type [Depth/X/Y/AbsoluteDosimetry]:; Depth
Medium:; Water
Single spot [Yes/No]:; Yes
Isocenter to snout distance [mm]:; 680
Isocenter to phantom surface distance [mm]:; 150
Detector lateral shape [Quadratic/Circular]:; Quadratic
Detector lateral side/diameter [mm]:; 80
Nominal beam energy [MeV]:; 4780.08
Measured dose curve (Depth [mm] Dose [a.u.]):; 
11.5;1.38450
21.5;1.37850
31.5;1.37030
41.5;1.36060
51.5;1.35160
61.5;1.34280
71.5;1.33350
81.5;1.32450
91.5;1.31820
101.5;1.31270
111.5;1.30750
121.5;1.30490
131.5;1.30300
141.5;1.30540
151.5;1.30850
161.5;1.31690
171.5;1.32820
181.5;1.34460
191.5;1.36800
201.5;1.40180
211.5;1.44760
219.5;1.49860
224.5;1.53940
229.5;1.58880
234.5;1.64860
239.5;1.71960
244.5;1.80370
246.5;1.84040
248.5;1.88270
250.5;1.92890
252.5;1.98550
254.5;2.05290
255.0;2.07000
255.5;2.09120
256.0;2.11340
256.5;2.13620
257.0;2.16440
257.5;2.18960
258.0;2.22040
258.5;2.25370
259.0;2.28530
259.5;2.32670
260.0;2.37220
260.5;2.41370
261.0;2.47440
261.5;2.52870
262.0;2.60820
262.5;2.68600
262.7;2.73070
262.9;2.77920
263.1;2.82230
263.3;2.86570
263.5;2.92470
263.7;2.97990
263.9;3.04160
264.1;3.08710
264.3;3.14860
264.5;3.19980
264.7;3.24530
264.9;3.28420
265.1;3.30020
265.3;3.31290
265.5;3.31360
265.7;3.30800
265.9;3.29600
266.1;3.27900
266.3;3.24680
266.5;3.21260
266.7;3.17300
266.9;3.12670
267.1;3.07780
267.3;3.02880
267.5;2.95890
267.7;2.89510
267.9;2.79400
268.1;2.73280
268.3;2.62800
268.5;2.53770
268.7;2.42880
268.9;2.31240
269.1;2.21140
269.3;2.11360
269.5;1.95570
269.7;1.85060
269.9;1.73950
270.1;1.59080
270.3;1.46630
270.5;1.34490
270.7;1.21190
270.9;1.10580
271.1;0.98925
271.3;0.88943
271.5;0.81875
271.7;0.73822
271.9;0.68609
272.1;0.64414
272.3;0.61405
272.5;0.59560
272.7;0.58047
272.9;0.57300
273.1;0.56469
273.3;0.56113
273.5;0.55870
274.0;0.55363
274.5;0.55067
275.0;0.54675
275.5;0.54347
276.0;0.53974
276.5;0.53633
277.0;0.53330
277.5;0.53024
278.0;0.52753
278.5;0.52464
280.5;0.51349
282.5;0.50193
284.5;0.49141
286.5;0.48208
288.5;0.47233
290.5;0.46282
292.5;0.45334
293.5;0.44883
303.5;0.40494
313.5;0.36519
323.5;0.32960
333.5;0.29822
343.5;0.27006
353.5;0.24714
363.5;0.22924
373.5;0.21506
383.5;0.20312
393.5;0.19212
403.5;0.18164
413.5;0.17188
423.5;0.16201
433.5;0.15289
443.5;0.14402
453.5;0.13546
461.5;0.12912
End:; 
Origin of data [Measured/Computed]:; Measured
Machine/Treatment room:; ptRoom1PBS_RF4_241230
Snout name:; ptRoom1PBS_RF4
Range modulator name:; RF4
Radiation type:; Carbon
Curve type [Depth/X/Y/AbsoluteDosimetry]:; Depth
Medium:; Water
Single spot [Yes/No]:; Yes
Isocenter to snout distance [mm]:; 680
Isocenter to phantom surface distance [mm]:; 150
Detector lateral shape [Quadratic/Circular]:; Quadratic
Detector lateral side/diameter [mm]:; 80
Nominal beam energy [MeV]:; 4799.04
Measured dose curve (Depth [mm] Dose [a.u.]):; 
11.5;1.49830
21.5;1.48830
31.5;1.47790
41.5;1.46740
51.5;1.45690
61.5;1.44700
71.5;1.43730
81.5;1.42880
91.5;1.42140
101.5;1.41380
111.5;1.40790
121.5;1.40530
131.5;1.40510
141.5;1.40600
151.5;1.40840
161.5;1.41470
171.5;1.42660
181.5;1.44420
191.5;1.46780
201.5;1.50050
211.5;1.54820
221.5;1.61250
226.5;1.65340
231.5;1.70590
236.5;1.77110
241.5;1.84770
246.5;1.93430
248.5;1.97410
250.5;2.02010
252.5;2.07060
254.5;2.12910
256.5;2.20210
257.0;2.22410
257.5;2.24810
258.0;2.27370
258.5;2.29900
259.0;2.32380
259.5;2.35290
260.0;2.38650
260.5;2.42180
261.0;2.45940
261.5;2.49910
262.0;2.54470
262.5;2.59670
263.0;2.65250
263.5;2.71790
264.0;2.79180
264.5;2.87670
264.7;2.91750
264.9;2.96440
265.1;3.01760
265.3;3.07060
265.5;3.11900
265.7;3.17160
265.9;3.23200
266.1;3.28810
266.3;3.33050
266.5;3.37000
266.7;3.40960
266.9;3.43830
267.1;3.45890
267.3;3.47350
267.5;3.48180
267.7;3.48540
267.9;3.48150
268.1;3.47010
268.3;3.45490
268.5;3.43210
268.7;3.39370
268.9;3.34650
269.1;3.31680
269.3;3.29300
269.5;3.22970
269.7;3.15330
269.9;3.09610
270.1;3.03370
270.3;2.95650
270.5;2.86600
270.7;2.76340
270.9;2.64530
271.1;2.50010
271.3;2.34250
271.5;2.19540
271.7;2.03980
271.9;1.85880
272.1;1.67870
272.3;1.51310
272.5;1.35690
272.7;1.21550
272.9;1.08950
273.1;0.97503
273.3;0.87941
273.5;0.80585
273.7;0.74530
273.9;0.69812
274.1;0.66678
274.3;0.64497
274.5;0.62823
274.7;0.61663
274.9;0.60942
275.1;0.60460
275.3;0.60159
275.5;0.59969
276.0;0.59518
276.5;0.59112
277.0;0.58742
277.5;0.58327
278.0;0.57919
278.5;0.57625
279.0;0.57362
279.5;0.57031
280.0;0.56682
280.5;0.56358
282.5;0.55166
284.5;0.54009
286.5;0.52854
288.5;0.51745
290.5;0.50691
292.5;0.49677
294.5;0.48717
295.5;0.48253
305.5;0.43687
315.5;0.39417
325.5;0.35603
335.5;0.32234
345.5;0.29267
355.5;0.26766
365.5;0.24785
375.5;0.23214
385.5;0.21897
395.5;0.20719
405.5;0.19591
415.5;0.18474
425.5;0.17417
435.5;0.16444
445.5;0.15526
455.5;0.14628
461.5;0.14083
End:; 